fid,osm_id,code,fclass,population,name,french_name
1,27564968,1005,national_capital,728453,تونس,Tunis
2,262722264,1002,town,0,مطماطة القديمة,mtmata alqdima
3,262727843,1003,village,0,الجرف,aljrf
4,264881676,1002,town,0,دوز,Douz
5,264885332,1002,town,56000,تطاوين,Tataouine
6,264887592,1003,village,0,Ksar Ghilane,Ksar Ghilane
7,283645091,1002,town,0,حلق الوادي,La Goulette
8,286091511,1002,town,59998,رادس,Radès
9,286354073,1002,town,106167,فوشانة,Fouchana
10,287001619,1001,city,955421,صفاقس,Sfax
11,287534172,1001,city,73128,نابل,Nabeul
12,287543373,1001,city,221530,سوسة,Sousse
13,287543904,1001,city,139070,القيروان,Kairouan
14,287544603,1001,city,130984,قابس,Gabès
15,287544816,1001,city,136917,بنزرت,Bizerte
16,287545859,1001,city,111170,قفصة,Gafsa
17,287547219,1002,town,0,المرسى,La Marsa
18,287547703,1001,city,83534,القصرين,Kasserine
19,287550909,1001,city,88322,بن عروس,Ben Arous
20,287553320,1001,city,104535,المنستير,Monastir
21,287554239,1001,city,114486,أريانة,ariana
22,287558790,1002,town,70895,جرجيس,jrjis
23,287558953,1002,town,0,باردو,bardou
24,287559510,1002,town,75904,حومة السوق,houma alsouq
25,287583296,1001,city,97579,الحمامات,alhmamat
26,287585326,1002,town,71406,مدنين,mdnin
27,287588734,1002,town,58000,بن قردان,bn qrdan
28,287590041,1001,city,57000,باجة,baja
29,287612727,1002,town,56000,مساكن,msakn
30,287613682,1002,town,0,ميدون,midoun
31,287615073,1002,town,0,المكنين,almknin
32,287618126,1002,town,61919,منزل بورقيبة,mnzl bourqiba
33,287619187,1002,town,0,وادي الليل,ouadi allil
34,287620228,1002,town,0,القلعة الكبرى,alqlaa alkbra
35,287621836,1001,city,79545,المهدية,almhdia
36,287622372,1001,city,73710,الكاف,alkaf
37,287625095,1002,town,45431,جندوبة,jndouba
38,287625642,1001,city,58491,قليبية,qlibia
39,288137819,1003,village,5911,سيدي بوسعيد,sidi bousaid
40,297760994,1003,village,0,شنني,chnni
41,297761849,1003,village,0,قصر حدادة,qsr hdada
42,297764755,1002,town,13950,أجيم,ajim
43,297765267,1002,town,0,الرياض,alriad
44,298018764,1002,town,0,نفطة,nfta
45,298018887,1002,town,37365,توزر,touzr
46,298019989,1002,town,0,قبلي,qbli
47,298020344,1002,town,0,الحامة,alhama
48,299240195,1002,town,18302,الجم,aljm
49,299265771,1002,town,21653,مجاز الباب,mjaz albab
50,299266597,1003,village,0,وادي الزرقاء,ouadi alzrqa
51,299272084,1002,town,68000,غار الدماء,ghar aldma
52,299277153,1002,town,32546,ماطر,matr
53,305639389,1050,locality,0,Skerki Channel,Skerki Channel
54,312482164,1010,suburb,0,ياسمين الحمامات,iasmin alhmamat
55,312490313,1002,town,0,حمام الزريبة,hmam alzriba
56,315765407,1010,suburb,0,مركز شاكر,mrkz chakr
57,316078222,1003,village,0,الحاجب,alhajb
58,331201896,1004,hamlet,0,بشاطر,bchatr
59,332247375,1003,village,0,المروج 5,almrouj 5
60,349293657,1004,hamlet,0,خلف الله,khlf allh
61,349294959,1004,hamlet,0,العلامات,alalamat
62,349294962,1003,village,0,حسي عمر,hsi amr
63,349297566,1003,village,0,أم التمر,am altmr
64,349297567,1004,hamlet,0,علامة ملشوك,alama mlchouk
65,349299464,1003,village,0,تمزرط,tmzrt
66,349303620,1003,village,0,زعفران,zafran
67,349303622,1003,village,0,غيدمة,ghidma
68,349303785,1003,village,0,الصابرية,alsabria
69,351568938,1004,hamlet,0,قليبية,qlibia
70,351572764,1003,village,0,تلمين,tlmin
71,351572772,1003,village,0,طنبار,tnbar
72,351575544,1002,town,0,سوق الأحد,souq alahd
73,351581998,1004,hamlet,0,بوهلال,bouhlal
74,351582002,1003,village,0,المحاسن,almhasn
75,351582006,1003,village,0,سبع آبار,sba abar
76,351582010,1002,town,0,دقاش,dqach
77,352749777,1004,hamlet,0,Rahmat,Rahmat
78,352749778,1003,village,0,جمنة,jmna
79,352749779,1003,village,0,القلعة,alqlaa
80,352752191,1003,village,0,بني عيسى الجديدة,bni aisa aljdida
81,352752196,1004,hamlet,0,Douiouira,Douiouira
82,352752197,1002,town,30000,مطماطة الجديدة,mtmata aljdida
83,352753427,1003,village,0,لفام,lfam
84,352753595,1004,hamlet,0,مغراوية,mghraouia
85,352839775,1002,town,0,مارث,marth
86,352839778,1004,hamlet,0,تماسنت,tmasnt
87,352841341,1003,village,0,مزران,mzran
88,352841357,1003,village,0,بازيم,bazim
89,352841361,1003,village,0,الحشان,alhchan
90,352845018,1004,hamlet,0,السويطير,alsouitir
91,411893392,1002,town,0,بئر الباي,bir albai
92,412906875,1010,suburb,0,مركز سحنون,mrkz shnoun
93,429661517,1010,suburb,0,مركز دمق,mrkz dmq
94,434547646,1003,village,0,منزل شاكر,mnzl chakr
95,434547660,1003,village,0,لسودة,lsouda
96,434547663,1003,village,0,فائض,faid
97,434547667,1003,village,5000,السبالة,alsbala
98,434547727,1003,village,0,شُربان,chُrban
99,437592157,1002,town,0,سبيطلة,sbitla
100,442686289,1003,village,0,بوشبكة,bouchbka
101,443014003,1002,town,3744,أم علي ⵓⵎ ⵄⵍⵉ,am ali ⵓⵎ ⵄⵍⵉ
102,443149064,1002,town,0,المحرس,almhrs
103,443149082,1003,village,0,الشفار,alchfar
104,443160003,1003,village,0,بولذياب,bouldhiab
105,443160013,1002,town,0,بئر علي بن خليفة,bir ali bn khlifa
106,443160117,1002,town,24515,الشابة,alchaba
107,443160127,1003,village,0,سيدي منصور,sidi mnsour
108,443160128,1003,village,0,عين تركية,ain trkia
109,443479858,1050,locality,0,الشعبوني,alchabouni
110,443479891,1010,suburb,0,مركز دمق,mrkz dmq
111,462003373,1002,town,7351,الحدادة ⵃⴻⴷⴷⴰⴷⴰ,alhdada ⵃⴻⴷⴷⴰⴷⴰ
112,462003374,1002,town,17500,ساقية سيدي يوسف,saqia sidi iousf
113,469845572,1002,town,0,رأس الجبل,ras aljbl
114,470285468,1003,village,0,غار الملح,ghar almlh
115,471061641,1003,village,0,منزل عبد الرحمان,mnzl abd alrhman
116,475589445,1003,village,0,مليتة,mlita
117,475589717,1004,hamlet,0,سيدي فرج,sidi frj
118,475591250,1003,village,0,أولاد بو علي,aoulad bou ali
119,475591962,1003,village,0,أولاد عز الدين,aoulad az aldin
120,479938480,1002,town,87512,ساقية الزيت,saqia alzit
121,479938481,1002,town,0,ساقية الدائر,saqia aldair
122,480422567,1020,island,0,شيكلي,chikli
123,494264588,1010,suburb,0,صفاقس الجديدة,sfaqs aljdida
124,494264724,1010,suburb,0,حي البحري,hi albhri
125,494264849,1010,suburb,0,حي الحبيب,hi alhbib
126,494264870,1010,suburb,0,حي النور,hi alnour
127,500182808,1003,village,0,البرمة,albrma
128,500268714,1004,hamlet,0,برج الخضراء,brj alkhdra
129,501803032,1002,town,8145,قلعة سنان,qlaa snan
130,506035292,1010,suburb,0,مركز العلوي,mrkz alaloui
131,506035339,1050,locality,0,مركز بن حليمة,mrkz bn hlima
132,507972425,1040,region,50059,بئر علي بن خليفة,bir ali bn khlifa
133,507972434,1040,region,14647,الغريبة,alghriba
134,507972436,1041,county,104998,صفاقس الغربية,sfaqs alghrbia
135,520156780,1003,village,0,الصغار,alsghar
136,520157034,1003,village,0,المرعنية,almrania
137,548180838,1002,town,9659,عين دراهم,ain drahm
138,558814817,1003,village,40000,طبلبة,tblba
139,558814858,1003,village,17850,البقالطة,albqalta
140,558816730,1003,village,0,قصيبة المديوني,qsiba almdiouni
141,558816737,1003,village,0,لمطة,lmta
142,558816747,1003,village,0,خنيس,khnis
143,558816759,1003,village,0,صيادة,siada
144,558824767,1003,village,0,طوزة,touza
145,558826610,1003,village,0,البرجين,albrjin
146,558826611,1003,village,0,منزل كامل,mnzl kaml
147,558841086,1003,village,0,كركر,krkr
148,558841095,1003,village,0,الشوارعية,alchouaraia
149,558841112,1003,village,0,بو مرداس,bou mrdas
150,558841158,1003,village,0,أولاد دوادي,aoulad douadi
151,558841182,1003,village,0,السعد,alsad
152,558841228,1003,village,0,سيدي بنور,sidi bnour
153,558841242,1003,village,0,شيبة,chiba
154,558841302,1003,village,0,الدخيلة,aldkhila
155,558855437,1003,village,0,سيدي الهاني,sidi alhani
156,558855447,1003,village,0,غبغوب,ghbghoub
157,558962249,1003,village,0,سيدي علوان,sidi alouan
158,558962262,1002,town,26219,قصور الساف,qsour alsaf
159,559394563,1003,village,0,الصخيرة,alskhira
160,559400353,1003,village,0,الموازير,almouazir
161,559400401,1003,village,0,المدو,almdou
162,559400484,1004,hamlet,0,العمارات,alamarat
163,559400503,1003,village,0,المطوية,almtouia
164,559400528,1004,hamlet,0,بوسعيد,bousaid
165,560792911,1003,village,0,الفوار,alfouar
166,560792912,1004,hamlet,0,الدرجين,aldrjin
167,561134924,1001,city,122676,سيدي بوزيد,sidi bouzid
168,616794273,1010,suburb,0,ضفاف البحيرة 2,dfaf albhira 2
169,621851678,1010,suburb,0,السيدة المنوبية,alsida almnoubia
170,631655121,1010,suburb,0,حي ابن خلدون,hi abn khldoun
171,660826515,1002,town,27090,سيدي ثابت,sidi thabt
172,674390291,1003,village,0,المطروحة,almtrouha
173,674390308,1003,village,0,رجيم معتوق,rjim matouq
174,674390385,1003,village,0,نويل,nouil
175,674390390,1003,village,0,البليدات,alblidat
176,674390400,1003,village,0,غليسية,ghlisia
177,674390463,1004,hamlet,0,‫سعيدان‬,‫saidan‬
178,674390466,1003,village,0,Ain Zigzaou,Ain Zigzaou
179,674433519,1050,locality,0,برج غربال,brj ghrbal
180,674433656,1003,village,0,درناية,drnaia
181,674434158,1003,village,0,حيدرة,hidra
182,674434208,1002,town,2871,القلعة الخصبة,alqlaa alkhsba
183,674918398,1003,village,0,رفراف,rfraf
184,675058710,1002,town,2895,الطويرف,altouirf
185,675145084,1003,village,0,العزائزة,alazaiza
186,675145102,1003,village,0,سيدي منصور,sidi mnsour
187,694068983,1002,town,0,المتلوي,almtloui
188,928626468,1003,village,0,شبيكة الجريد,chbika aljrid
189,928627591,1003,village,2334,تمغزة,tmghza
190,1041092653,1004,hamlet,0,أم ذويل,am dhouil
191,1080388142,1003,village,0,شطرانة,chtrana
192,1080390577,1010,suburb,0,حي المنصورة 1,hi almnsoura 1
193,1083324475,1003,village,0,ببوش,bbouch
194,1088455110,1002,town,12942,مكثر,mkthr
195,1099411041,1010,suburb,0,حشاد,hchad
196,1099411076,1050,locality,0,الرياض,alriad
197,1099411084,1050,locality,0,فطومة بورقيبة,ftouma bourqiba
198,1100411752,1050,locality,0,السعيدية,alsaidia
199,1104122473,1002,town,26000,الرديف,alrdif
200,1109177626,1003,village,0,سيدي الجديدي,sidi aljdidi
201,1109384824,1003,village,0,تينجة,tinja
202,1114749818,1010,suburb,0,الزهور 2,alzhour 2
203,1115570559,1010,suburb,0,السيجومي,alsijoumi
204,1116804955,1002,town,0,تبرسق,tbrsq
205,1116808691,1003,village,0,دقة الجديدة,dqa aljdida
206,1121427516,1010,suburb,0,الزهور,alzhour
207,1121428168,1010,suburb,0,الزهور 3,alzhour 3
208,1123316513,1010,suburb,0,حي الطيران,hi altiran
209,1123401313,1010,suburb,0,حي النجاح,hi alnjah
210,1124133881,1003,village,0,بني خلاد,bni khlad
211,1124134746,1002,town,0,قرمبالية,qrmbalia
212,1124136154,1003,village,0,منزل بوزلفة,mnzl bouzlfa
213,1124155543,1003,village,0,سليمان,sliman
214,1127119919,1003,village,0,أولاد الشامخ,aoulad alchamkh
215,1127120485,1003,village,0,السواسي,alsouasi
216,1128016495,1002,town,0,الصمعة,alsmaa
217,1128018620,1002,town,0,بني خيار,bni khiar
218,1128656865,1004,hamlet,0,المرناقية,almrnaqia
219,1128657626,1004,hamlet,0,المريسة,almrisa
220,1128664030,1003,village,0,الهوارية,alhouaria
221,1128665422,1003,village,0,قربص,qrbs
222,1130137942,1004,hamlet,0,غار الفاس,ghar alfas
223,1131738794,1003,village,0,زانة,zana
224,1132950382,1003,village,0,ماتلين,matlin
225,1133125278,1050,locality,0,Cap Blanc,Cap Blanc
226,1133127431,1050,locality,0,الرأس الأسود,alras alasoud
227,1136725363,1010,suburb,0,حي الصنوبر,hi alsnoubr
228,1136725407,1010,suburb,0,الصفصاف,alsfsaf
229,1136725463,1010,suburb,0,قمرت,qmrt
230,1136725758,1010,suburb,0,سيدي داود,sidi daoud
231,1136725873,1002,town,0,الكرم,alkrm
232,1136727088,1010,suburb,0,حي الطيب المهيري,hi altib almhiri
233,1136727177,1002,town,0,العوينة,alaouina
234,1136727225,1001,city,21276,قرطاج,qrtaj
235,1136727604,1010,suburb,0,قمرت العليا,qmrt alalia
236,1143501777,1010,suburb,0,الملاسين,almlasin
237,1144116784,1010,suburb,0,برج فليفل,brj flifl
238,1145298727,1010,suburb,0,برج زوارة,brj zouara
239,1147369793,1010,suburb,0,حي الطابق,hi altabq
240,1147369801,1010,suburb,0,حي الخليل,hi alkhlil
241,1147369832,1010,suburb,0,الرياض,alriad
242,1152863751,1050,locality,0,Oued el Kesria,Oued el Kesria
243,1152864905,1003,village,0,الرحمة,alrhma
244,1152865164,1050,locality,0,رأس الأحمر,ras alahmr
245,1152866574,1050,locality,0,رأس الدرك,ras aldrk
246,1156199988,1010,suburb,0,بوشوشة,bouchoucha
247,1156944210,1003,village,0,رواد,rouad
248,1157744669,1002,town,0,مرناق,mrnaq
249,1158752159,1010,suburb,0,حي التحرير,hi althrir
250,1163041168,1010,suburb,0,شاطئ رواد,chati rouad
251,1164941677,1010,suburb,0,المنزه 6,almnzh 6
252,1164941785,1010,suburb,0,المنزه 8,almnzh 8
253,1164941816,1010,suburb,0,حي النصر 2,hi alnsr 2
254,1164941933,1010,suburb,0,المنزه 5,almnzh 5
255,1164942161,1010,suburb,0,حي النصر 2,hi alnsr 2
256,1165828355,1003,village,0,بني حسان,bni hsan
257,1165828361,1003,village,65420,جمال,jmal
258,1165832678,1003,village,0,زرمدين,zrmdin
259,1166000786,1010,suburb,0,حي القضاة,hi alqdaa
260,1166449247,1010,suburb,0,أميلكار,amilkar
261,1172434854,1004,hamlet,0,برج الطويل,brj altouil
262,1178986839,1010,suburb,0,المنار 1,almnar 1
263,1182969286,1020,island,0,قمنارية,qmnaria
264,1183575561,1010,suburb,0,الحدائق,alhdaiq
265,1184918055,1003,village,34494,أكودة,akouda
266,1185290849,1010,suburb,0,حي الخضراء,hi alkhdra
267,1185766493,1010,suburb,0,حدائق المنزه 1,hdaiq almnzh 1
268,1185779583,1010,suburb,0,حدائق المنزه 2,hdaiq almnzh 2
269,1186068159,1003,village,0,هرقلة,hrqla
270,1187255756,1010,suburb,0,ضفاف البحيرة,dfaf albhira
271,1187470251,1002,town,18230,تالة,tala
272,1187470257,1010,suburb,0,بوزقام,bouzqam
273,1187489028,1003,village,0,جلمة,jlma
274,1187489040,1003,village,0,حاجب العيون,hajb alaioun
275,1187534930,1002,town,0,سيدي عمر بوحجلة,sidi amr bouhjla
276,1187534934,1002,town,0,سيدي سعد,sidi sad
277,1187534946,1002,town,0,حفوز,hfouz
278,1187534954,1003,village,0,الهوارب,alhouarb
279,1187534975,1003,village,0,الشبيكة,alchbika
280,1187544017,1010,suburb,0,سيدي علي بن سالم,sidi ali bn salm
281,1190876843,1003,village,0,بئر بورقبة,bir bourqba
282,1190876862,1004,hamlet,0,خنقة الحجاج,khnqa alhjaj
283,1190877055,1004,hamlet,0,دوار الحاج محمد,douar alhaj mhmd
284,1190877201,1003,village,0,زاوية مرناق,zaouia mrnaq
285,1190877394,1003,village,0,فندق الجديد,fndq aljdid
286,1190877566,1004,hamlet,0,Camp Servière,Camp Servière
287,1190877693,1003,village,0,دوار أبو سام,douar abou sam
288,1190877955,1003,village,0,بلي,bli
289,1190878179,1003,village,0,تركي,trki
290,1190878345,1003,village,0,بوعرقوب,bouarqoub
291,1190878563,1003,village,0,حي الرسالة,hi alrsala
292,1191111511,1010,suburb,0,المنار 2,almnar 2
293,1200000228,1010,suburb,0,نرجس 2,nrjs 2
294,1200000229,1010,suburb,0,خليج الملائكة,khlij almlaika
295,1200000230,1010,suburb,0,نرجس 1,nrjs 1
296,1200000231,1010,suburb,0,زيتونة 2,zitouna 2
297,1200000232,1010,suburb,0,زيتونة 1,zitouna 1
298,1201922124,1050,locality,0,دوار سوميا,douar soumia
299,1201922631,1050,locality,0,دوار سيدي مسعود,douar sidi msaoud
300,1201923151,1004,hamlet,0,دوار الفدام,douar alfdam
301,1201923189,1004,hamlet,0,دوار عبد القادر,douar abd alqadr
302,1201923313,1004,hamlet,0,دوار نشمايا,douar nchmaia
303,1204588103,1002,town,34962,الزهراء,alzhra
304,1205570513,1010,suburb,0,شطرانة 3,chtrana 3
305,1205571123,1010,suburb,0,دار فضال,dar fdal
306,1206447367,1003,village,0,سيدي عامر,sidi aamr
307,1206558973,1003,village,0,الوردانين,alourdanin
308,1206559008,1002,town,0,الساحلين,alsahlin
309,1209940751,1003,village,0,بلي المحطة,bli almhta
310,1212253275,1002,town,0,قصر هلال,qsr hlal
311,1212253279,1003,village,0,بنبلة,bnbla
312,1212253285,1003,village,0,بوحجر,bouhjr
313,1212270304,1003,village,0,منزل النور,mnzl alnour
314,1212270314,1003,village,0,مَزدُور,mَzdُour
315,1212280021,1003,village,0,منزل خير,mnzl khir
316,1213240938,1003,village,0,وادي الزيت,ouadi alzit
317,1215553264,1010,suburb,0,الحي الأولمبي,alhi alaoulmbi
318,1216174459,1002,town,0,زغوان,zghouan
319,1216186607,1003,village,0,بوفيشة,bouficha
320,1217713771,1003,village,0,منزل حرب,mnzl hrb
321,1217721026,1003,village,0,منارة,mnara
322,1217741814,1010,suburb,0,موتوالفيل,moutoualfil
323,1222501018,1004,hamlet,0,بوسليم,bouslim
324,1223650428,1003,village,0,شمتو,chmtou
325,1224796678,1003,village,0,حمام بنت الجديدي,hmam bnt aljdidi
326,1225165285,1003,village,12000,كندار,kndar
327,1228012196,1010,suburb,0,المنزه 9 أ,almnzh 9 a
328,1228573457,1050,locality,0,Kranguet el Ouechtatia,Kranguet el Ouechtatia
329,1228573687,1004,hamlet,0,Dechret Bou Dabouss,Dechret Bou Dabouss
330,1230029994,1003,village,0,سلقطة,slqta
331,1232450738,1003,village,0,العلم,alalm
332,1232453286,1003,village,0,الدلوسي,aldlousi
333,1232459067,1003,village,0,السبيخة,alsbikha
334,1232796661,1004,hamlet,0,Barroukch,Barroukch
335,1236199551,1050,locality,0,الملاحة,almlaha
336,1237968887,1010,suburb,0,حي دوبو,hi doubou
337,1237971782,1010,suburb,0,سيدي البشير,sidi albchir
338,1247811403,1003,village,0,الرتيبة,alrtiba
339,1247812086,1003,village,0,بئر مروة,bir mroua
340,1251030962,1010,suburb,0,الإزدهار,alizdhar
341,1251049351,1010,suburb,0,أريانة الجديدة,ariana aljdida
342,1251424105,1050,locality,0,الاستقلال,alastqlal
343,1253816341,1010,suburb,0,التعمير1,altamir1
344,1253879318,1010,suburb,0,التعمير 2,altamir 2
345,1254004330,1010,suburb,0,المنزه 4,almnzh 4
346,1254005393,1010,suburb,0,المنزه 1,almnzh 1
347,1254022064,1010,suburb,0,التعمير 4,altamir 4
348,1254053612,1010,suburb,0,النزهة,alnzha
349,1255623181,1010,suburb,0,المستقبل,almstqbl
350,1255626528,1010,suburb,0,البلدية,albldia
351,1256202705,1010,suburb,26703,مدينة تونس العتيقة,mdina touns alatiqa
352,1256204446,1010,suburb,0,مونفلوري,mounflouri
353,1257403631,1010,suburb,0,باب الجديد,bab aljdid
354,1257404621,1010,suburb,0,باب الفلة,bab alfla
355,1258831465,1010,suburb,0,باب سويقة,bab souiqa
356,1258832091,1010,suburb,0,الحلفاوين,alhlfaouin
357,1258833897,1010,suburb,0,باب الخضراء,bab alkhdra
358,1259515493,1003,village,0,غيزن,ghizn
359,1259515669,1002,town,0,سدويكش,sdouikch
360,1259515699,1050,locality,0,القنطرة,alqntra
361,1259515727,1003,village,0,Ouedrane,Ouedrane
362,1259515746,1003,village,0,Esrandi,Esrandi
363,1259515805,1003,village,0,Oualegh,Oualegh
364,1259515867,1003,village,0,أغير,aghir
365,1259515919,1003,village,0,بدوين,bdouin
366,1259515942,1003,village,0,ربانة,rbana
367,1259516070,1003,village,0,مزراية,mzraia
368,1259516109,1002,town,10216,قلالة,qlala
369,1260351290,1010,suburb,0,لافايات,lafaiat
370,1260898572,1010,suburb,0,أريانة العليا,ariana alalia
371,1261495436,1010,suburb,0,مونبليزير,mounblizir
372,1262481293,1010,suburb,0,حي الزياتين,hi alziatin
373,1262665931,1010,suburb,0,الجبل الأحمر,aljbl alahmr
374,1263647437,1010,suburb,0,نوتردام,noutrdam
375,1264988354,1010,suburb,0,المنزه 9,almnzh 9
376,1275012701,1003,village,0,الدخيلة,aldkhila
377,1277766900,1003,village,0,بئر مشارقة,bir mcharqa
378,1277956973,1002,town,0,الفحص,alfhs
379,1278361178,1002,town,3971,الذهيبة,aldhhiba
380,1278361348,1002,town,4606,رمادة,rmada
381,1278517274,1003,village,0,برقو,brqou
382,1301344102,1003,village,0,بئر حليمة,bir hlima
383,1301344124,1003,village,0,المقرن,almqrn
384,1306244942,1003,village,0,الزريبة العليا,alzriba alalia
385,1309378861,1003,village,0,بنان,bnan
386,1310557105,1003,village,0,غزالة,ghzala
387,1356217172,1003,village,0,بوضر,boudr
388,1365035167,1003,village,0,سلوم,sloum
389,1374298056,1004,hamlet,0,المرجة,almrja
390,1374298064,1004,hamlet,0,النشع,alncha
391,1374298069,1004,hamlet,0,فرجون,frjoun
392,1374298081,1004,hamlet,0,غرمان,ghrman
393,1374298083,1004,hamlet,0,منزل سالم,mnzl salm
394,1374298091,1003,village,0,صاحب الجبل,sahb aljbl
395,1374298099,1003,village,0,زاوية المقايز,zaouia almqaiz
396,1374298108,1004,hamlet,0,زقاق,zqaq
397,1383651012,1003,village,0,الباطن,albatn
398,1384169997,1003,village,0,عين جلولة,ain jloula
399,1390303177,1003,village,0,سيدي مَديَن,sidi mَdiَn
400,1394269137,1003,village,0,لواتة,louata
401,1419131100,1003,village,0,صواف,souaf
402,1419136771,1003,village,0,الناظور,alnazour
403,1419714239,1003,village,0,أم الأبواب,am alabouab
404,1430921169,1003,village,0,ملّولة,mlّoula
405,1431139419,1003,village,0,رأس الراجل,ras alrajl
406,1431973885,1003,village,0,سجنان,sjnan
407,1432078784,1004,hamlet,0,جميل,jmil
408,1432078789,1003,village,0,نفزة,nfza
409,1432078792,1003,village,0,وشتاتة,ouchtata
410,1432323476,1004,hamlet,0,الصفاية,alsfaia
411,1432323477,1004,hamlet,0,تبابة,tbaba
412,1432735563,1003,village,0,بازينة,bazina
413,1433130924,1003,village,0,جومين,joumin
414,1435053835,1004,hamlet,0,Oued Ezarga,Oued Ezarga
415,1435708228,1003,village,0,الشويقي,alchouiqi
416,1435708256,1002,town,0,طبربة,tbrba
417,1439531924,1003,village,0,دار بلواعر,dar blouaar
418,1439531927,1004,hamlet,0,ذيبية,dhibia
419,1439531928,1002,town,10990,النفيضة,alnfida
420,1439531929,1003,village,0,الفرادة,alfrada
421,1439531930,1004,hamlet,0,مرابط حشاد,mrabt hchad
422,1444704282,1004,hamlet,0,بومرادة,boumrada
423,1444704283,1004,hamlet,0,المهاذبة الشرقية,almhadhba alchrqia
424,1444704293,1003,village,0,سيدي بو علي,sidi bou ali
425,1452253010,1003,village,9358,قعفور,qafour
426,1452253016,1003,village,0,العروسة,alarousa
427,1452253022,1003,village,0,الكريب,alkrib
428,1452253031,1003,village,0,السلوقية,alslouqia
429,1452253103,1002,town,0,تستور,tstour
430,1455372132,1004,hamlet,0,السويح,alsouih
431,1455372141,1004,hamlet,0,منزل المحطة,mnzl almhta
432,1455372145,1004,hamlet,0,المهاذبة الغربية,almhadhba alghrbia
433,1494839482,1003,village,0,كروسية,krousia
434,1495587105,1003,village,0,القلعة الصغرى,alqlaa alsghra
435,1513243568,1003,village,0,أوتيك الجديدة,aoutik aljdida
436,1513517120,1003,village,0,الخيتمين,alkhitmin
437,1525093055,1004,hamlet,0,أولاد جبس,aoulad jbs
438,1525093060,1004,hamlet,0,بئر الطيب,bir altib
439,1533192004,1010,suburb,0,زاوية قنطش,zaouia qntch
440,1542566698,1010,suburb,0,مرسى القنطاوي,mrsa alqntaoui
441,1544620232,1004,hamlet,0,معتمر,matmr
442,1544651749,1003,village,0,القصيبة,alqsiba
443,1544651752,1003,village,0,الثريات,althriat
444,1544651763,1010,suburb,0,زاوية سوسة,zaouia sousa
445,1544821258,1003,village,12273,بوعرادة,bouarada
446,1547749332,1003,village,0,المسعدين,almsadin
447,1550337336,1003,village,0,الكنايس,alknais
448,1550337411,1004,hamlet,0,,nan
449,1550337666,1004,hamlet,0,,nan
450,1553337251,1003,village,0,المزارة ⴻⵍⵎⵣⴰⵔⴰ,almzara ⴻⵍⵎⵣⴰⵔⴰ
451,1561079549,1002,town,15000,وذرف,oudhrf
452,1564481999,1003,village,0,المرناقية,almrnaqia
453,1565700881,1003,village,0,فردوس ⴼⴻⵔⴷⵓⵙ,frdous ⴼⴻⵔⴷⵓⵙ
454,1565700918,1004,hamlet,0,Mih Naceur,Mih Naceur
455,1566167629,1003,village,0,حزوة,hzoua
456,1567848345,1010,suburb,0,حي الرياض,hi alriad
457,1567848386,1010,suburb,0,حي الزهور,hi alzhour
458,1574569459,1003,village,0,بني كلثوم,bni klthoum
459,1609232651,1003,village,0,الموردين,almourdin
460,1631463921,1003,village,0,القوسة,alqousa
461,1631847316,1003,village,0,جاب الله,jab allh
462,1655884872,1002,town,11300,غمراسن,ghmrasn
463,1656920925,1010,suburb,0,حي النصر 1,hi alnsr 1
464,1657474545,1002,town,0,بني خداش,bni khdach
465,1673670292,1003,village,0,قصر أولاد دباب,qsr aoulad dbab
466,1674073019,1050,locality,0,عين سخونة,ain skhouna
467,1674073020,1050,locality,0,بئر بيستور,bir bistour
468,1674073021,1050,locality,0,بئر زار,bir zar
469,1674073022,1050,locality,0,Checkpoint Tiaret,Checkpoint Tiaret
470,1674073023,1050,locality,0,تيارت,tiart
471,1692829408,1003,village,0,نَقطة,nَqta
472,1694425199,1010,suburb,0,مركز بوعصيدة,mrkz bouasida
473,1694687209,1004,hamlet,0,السمارة,alsmara
474,1694693776,1004,hamlet,0,الحشيشينة,alhchichina
475,1696182443,1004,hamlet,0,العكاريت,alakarit
476,1712490982,1004,hamlet,0,سيدي مطير,sidi mtir
477,1718389538,1010,suburb,0,جنان الحمامات,jnan alhmamat
478,1738650159,1003,village,0,الزراوة الجديدة,alzraoua aljdida
479,1761154967,1003,village,0,أولاد العابد,aoulad alaabd
480,1761268129,1003,village,0,بنت سعيدان,bnt saidan
481,1761268130,1003,village,0,جوقار,jouqar
482,1762634620,1004,hamlet,0,جباس,jbas
483,1796083922,1004,hamlet,0,Hammam Mellegue,Hammam Mellegue
484,1796355393,1004,hamlet,0,بن عمَّار,bn amَّar
485,1800480748,1003,village,0,منزل فارسي,mnzl farsi
486,1828428390,1003,village,0,جرادو,jradou
487,1831965889,1002,town,0,باب العسل,bab alasl
488,1837034352,1002,town,21000,بوسالم,bousalm
489,1837920578,1003,village,0,بوزريعة,bouzriaa
490,1837920631,1004,hamlet,0,قصر أشهب,qsr achhb
491,1838990708,1004,hamlet,0,دوار علي بن شعبان,douar ali bn chaban
492,1838990720,1004,hamlet,0,دوار الحاج محمد بن حسان,douar alhaj mhmd bn hsan
493,1838990726,1004,hamlet,0,دوار منارة,douar mnara
494,1838990743,1004,hamlet,0,دوار الغيران,douar alghiran
495,1838990746,1004,hamlet,0,عين التلّة,ain altlّa
496,1839362661,1002,town,16819,العالية,alaalia
497,1842078452,1010,suburb,0,ابن سينا,abn sina
498,1842131219,1010,suburb,0,المروج 2,almrouj 2
499,1844560411,1003,village,6277,الحنشة,alhncha
500,1851671410,1002,town,0,دار شعبان الفهري,dar chaban alfhri
501,1857113818,1003,village,0,العباسية,alabasia
502,1857113819,1003,village,0,الكلابين,alklabin
503,1860181667,1004,hamlet,0,,nan
504,1860182116,1004,hamlet,0,بئر الشاوش,bir alchaouch
505,1863372804,1003,village,3830,جبل الوسط,jbl aloust
506,1863511989,1003,village,0,عين القارصي,ain alqarsi
507,1863511990,1003,village,0,الحميرة,alhmira
508,1863741971,1003,village,0,سمنجة,smnja
509,1865629269,1003,village,0,المعمورة,almamoura
510,1870317876,1003,village,0,طويبية,touibia
511,1879939185,1004,hamlet,0,عين طبرنق,ain tbrnq
512,1896442620,1003,village,6932,تلابت,tlabt
513,1896502664,1002,town,29572,فريانة,friana
514,1899219943,1002,town,11298,الجريصة,aljrisa
515,1899226322,1002,town,30659,تاجروين,tajrouin
516,1919409931,1010,suburb,0,مركز معلى,mrkz mala
517,1926362521,1002,town,9131,الماي,almai
518,1926362523,1003,village,0,مليتة,mlita
519,1938492968,1010,suburb,0,الشقارنية,alchqarnia
520,1938566000,1003,village,0,تكرونة,tkrouna
521,1938588080,1003,village,0,عين الرحمة,ain alrhma
522,1938641768,1003,village,0,عين مذكر,ain mdhkr
523,1941836055,1003,village,3000,كسرى العليا,ksra alalia
524,1941892766,1004,hamlet,0,الزريبة,alzriba
525,1942177875,1003,village,0,ورسيغن,oursighn
526,1951824285,1003,village,0,سيدي بحر,sidi bhr
527,1974940233,1003,village,0,برج بورقيبة,brj bourqiba
528,1974940235,1003,village,0,Kambout,Kambout
529,1974940236,1003,village,0,الكامور,alkamour
530,1975898150,1003,village,0,بني بركة,bni brka
531,1975898151,1004,hamlet,0,Beni Blel,Beni Blel
532,1975898152,1003,village,0,الزهرة,alzhra
533,1975898154,1004,hamlet,0,Khatma,Khatma
534,1975898155,1003,village,0,البحيرة,albhira
535,1975898156,1003,village,0,المظهار,almzhar
536,1975898157,1003,village,0,القصر الجديد,alqsr aljdid
537,1975898158,1003,village,0,Maztouria,Maztouria
538,1975898159,1004,hamlet,0,مغيت,mghit
539,1975898160,1004,hamlet,0,Mghit,Mghit
540,1975898161,1003,village,0,Tamelest,Tamelest
541,1975899618,1003,village,0,شنني,chnni
542,1977214842,1003,village,0,المكارم,almkarm
543,1977376169,1003,village,0,Douiret,Douiret
544,1977376170,1004,hamlet,0,El Horria,El Horria
545,1977376171,1003,village,0,غرماسة,ghrmasa
546,1977376172,1003,village,0,قصر المرابطين,qsr almrabtin
547,1977407704,1004,hamlet,0,الغرابات,alghrabat
548,1979741291,1004,hamlet,0,برج مشاهد صالح,brj mchahd salh
549,1980186910,1004,hamlet,0,بئر مرة,bir mra
550,1980279365,1003,village,0,كرشاو,krchaou
551,1980279372,1002,town,0,الصمار,alsmar
552,1993097036,1010,suburb,0,حي لرمال,hi lrmal
553,1995115534,1003,village,0,Ksar Hallouf,Ksar Hallouf
554,1996259768,1002,town,0,دخيلة توجان,dkhila toujan
555,1996259774,1003,village,0,Halg Jemel,Halg Jemel
556,1996357554,1003,village,0,أولاد مهلهل,aoulad mhlhl
557,1997328129,1003,village,0,توجان,toujan
558,1997334607,1003,village,0,تونين,tounin
559,1997440361,1003,village,0,الأدباش,aladbach
560,1997440362,1003,village,0,تيجمة,tijma
561,2016708619,1003,village,3700,سيدي بورويس,sidi bourouis
562,2017271470,1003,village,11927,السرس,alsrs
563,2018046850,1004,hamlet,0,الزعفران,alzafran
564,2020533902,1003,village,0,الزوارين,alzouarin
565,2020536002,1002,town,27907,الدهماني,aldhmani
566,2022259572,1003,village,5622,فوسانة,fousana
567,2024925147,1004,hamlet,0,,nan
568,2024925148,1004,hamlet,0,,nan
569,2028879938,1003,village,0,الزريبة,alzriba
570,2030364710,1003,village,8974,برج السدرية,brj alsdria
571,2031122001,1010,suburb,0,حي الصنوبر,hi alsnoubr
572,2041838914,1004,hamlet,0,سيدي عيسى,sidi aisa
573,2041888032,1003,village,0,دوالة,douala
574,2042447480,1003,village,6101,المزونة,almzouna
575,2043183737,1020,island,0,الفرخ,alfrkh
576,2043739836,1002,town,19770,طبرقة,tbrqa
577,2050179149,1003,village,0,كسرى,ksra
578,2063816292,1002,town,0,حمام الشط,hmam alcht
579,2078807462,1003,village,0,حمام الغزاز,hmam alghzaz
580,2080476679,1003,village,0,الميدة,almida
581,2080476682,1003,village,0,لبنة,lbna
582,2095681748,1003,village,0,,nan
583,2095681750,1004,hamlet,0,ربيبة,rbiba
584,2131332953,1002,town,9006,الوسلاتية,alouslatia
585,2131413683,1004,hamlet,0,قصر لمسة,qsr lmsa
586,2132994654,1004,hamlet,0,عين بوسعدية,ain bousadia
587,2133913650,1003,village,0,سيدي حمادة,sidi hmada
588,2133913651,1003,village,0,القنارة,alqnara
589,2136330964,1003,village,0,الغمالية,alghmalia
590,2159346215,1010,suburb,0,الأنس,alans
591,2161965264,1010,suburb,0,المنزه 7,almnzh 7
592,2164230913,1003,village,0,المتبسطة,almtbsta
593,2164244487,1003,village,0,عين زينة,ain zina
594,2164244488,1003,village,0,أولاد عيادي,aoulad aiadi
595,2164543060,1003,village,0,خيط الوادي,khit alouadi
596,2165194615,1002,town,24487,أم العرائس,am alarais
597,2167002784,1003,village,0,ميداس,midas
598,2173790702,1003,village,0,بدار,bdar
599,2175125786,1002,town,0,ماجل بلعباس,majl blabas
600,2177279829,1002,town,12383,المظيلة,almzila
601,2177312820,1003,village,0,البرج,albrj
602,2177334841,1002,town,0,القطار,alqtar
603,2177401279,1010,suburb,0,نشيو,nchiou
604,2177539886,1003,village,0,بو عمران,bou amran
605,2177581944,1003,village,0,الساكت,alsakt
606,2178146164,1002,town,8931,السند,alsnd
607,2179576066,1004,hamlet,0,Aïn Mesria,Aïn Mesria
608,2183784564,1004,hamlet,0,أولاد لسود,aoulad lsoud
609,2183839164,1003,village,0,البشاشمة,albchachma
610,2186742751,1003,village,0,وادي الخطف,ouadi alkhtf
611,2187459836,1002,town,68966,قربة,qrba
612,2191295540,1004,hamlet,0,العيثة,alaitha
613,2191295542,1003,village,0,زاوية الجديدي,zaouia aljdidi
614,2202008629,1002,town,0,بوشمة,bouchma
615,2203045897,1002,town,0,غنوش,ghnouch
616,2203976293,1003,village,0,سيدي بلال,sidi blal
617,2208907789,1004,hamlet,0,Dhamen El Karoub,Dhamen El Karoub
618,2209270316,1003,village,0,سيدي ناجي,sidi naji
619,2209270598,1003,village,0,البلالمة,alblalma
620,2210275383,1004,hamlet,0,,nan
621,2210337832,1003,village,0,كتانة,ktana
622,2210344393,1003,village,0,عين البطوم,ain albtoum
623,2235474650,1003,village,0,العوينات,alaouinat
624,2235566335,1003,village,0,محبوبين,mhboubin
625,2248618409,1002,town,0,الرملة,alrmla
626,2258496004,1003,village,0,قطوفة,qtoufa
627,2277596738,1004,hamlet,0,القرين,alqrin
628,2277672343,1004,hamlet,0,,nan
629,2280738839,1004,hamlet,0,عين جمالة,ain jmala
630,2280738840,1003,village,0,عين تونقة,ain tounqa
631,2289495092,1010,suburb,0,حي النسيم,hi alnsim
632,2307148393,1010,suburb,0,حي الملعب,hi almlab
633,2307148417,1010,suburb,0,كرنيش المرسى,krnich almrsa
634,2307148429,1010,suburb,0,كوب المرسى,koub almrsa
635,2307148436,1010,suburb,0,سيدي عبد العزيز,sidi abd alaziz
636,2402352381,1003,village,8925,رجيش,rjich
637,2406170704,1004,hamlet,0,دشرة بو عبد الله,dchra bou abd allh
638,2406170816,1004,hamlet,0,,nan
639,2406170819,1004,hamlet,0,,nan
640,2419847402,1003,village,0,واد الزبيب,ouad alzbib
641,2431095359,1050,locality,0,مرسى الأمراء,mrsa alamra
642,2491425508,1003,village,0,أولاد قاسم,aoulad qasm
643,2491425515,1003,village,0,أولاد يانق,aoulad ianq
644,2491613771,1050,locality,0,القنطرة,alqntra
645,2491613772,1003,village,0,سيدي يوسف,sidi iousf
646,2491613775,1050,locality,0,مرسى العشرين,mrsa alachrin
647,2491740565,1003,village,0,الشرقي,alchrqi
648,2491771902,1003,village,0,العطايا,alataia
649,2491771903,1003,village,0,النجاة,alnjaa
650,2491772829,1003,village,0,القراطن,alqratn
651,2492568622,1050,locality,0,Ras Ameur,Ras Ameur
652,2492568629,1050,locality,0,رأس بونومة,ras bounouma
653,2492568635,1050,locality,0,رأس السمون,ras alsmoun
654,2492568648,1050,locality,0,رأس البرحوت,ras albrhout
655,2492568685,1004,hamlet,0,سيدي المجاهد,sidi almjahd
656,2492568833,1020,island,0,جزيرة روماديا,jzira roumadia
657,2492568845,1020,island,0,جزيرة شرقي,jzira chrqi
658,2492568856,1020,island,0,Île de Ech Chermanida,Île de Ech Chermanida
659,2492568865,1020,island,0,جزيرة قرمدي,jzira qrmdi
660,2492568870,1020,island,0,جزيرة سفنو,jzira sfnou
661,2498876728,1003,village,0,جوابر,jouabr
662,2510984505,1004,hamlet,0,هيشر,hichr
663,2510984506,1004,hamlet,0,زواغة,zouagha
664,2512387689,1003,village,0,الأقصاب,alaqsab
665,2519121789,1003,village,0,عين كميشة,ain kmicha
666,2520334591,1004,hamlet,0,المهاذبة,almhadhba
667,2521408268,1004,hamlet,0,بني عطاء,bni ata
668,2529678969,1003,village,0,نقة,nqa
669,2534432406,1004,hamlet,0,شنشو,chnchou
670,2534432407,1003,village,0,ليماقس,limaqs
671,2534432408,1004,hamlet,0,رضوان,rdouan
672,2535817652,1004,hamlet,0,بئر السلطان,bir alsltan
673,2537855079,1003,village,0,سندس,snds
674,2573224812,1001,city,0,المدينة الجديدة,almdina aljdida
675,2585438415,1004,hamlet,0,سيدي خيار,sidi khiar
676,2587154200,1003,village,0,الكرارشة,alkrarcha
677,2589663484,1010,suburb,0,مركز كعنيش,mrkz kanich
678,2589797448,1003,village,0,الغريبة,alghriba
679,2589798541,1010,suburb,0,الخروع,alkhroua
680,2592110574,1003,village,0,المنصورة,almnsoura
681,2593122311,1010,suburb,0,الزنقة الكحلة,alznqa alkhla
682,2608576898,1003,village,0,عرّام,arّam
683,2608576899,1004,hamlet,0,بير بصير,bir bsir
684,2608576900,1004,hamlet,0,كوتين 1,koutin 1
685,2608576901,1004,hamlet,0,كوتين 2,koutin 2
686,2610858564,1003,village,0,بهرة,bhra
687,2610858576,1003,village,0,برج العيفة,brj alaifa
688,2610858584,1004,hamlet,0,دار السلام,dar alslam
689,2610858596,1004,hamlet,0,زعفرانة,zafrana
690,2611157751,1003,village,0,برج المسعودي,brj almsaoudi
691,2622411861,1050,locality,0,Pôle de Compétitivité Bizerte,Pôle de Compétitivité Bizerte
692,2622426837,1003,village,24428,جرزونة,jrzouna
693,2622629284,1010,suburb,0,المدينة العتيقة,almdina alatiqa
694,2657639395,1003,village,0,الزارات,alzarat
695,2657639396,1004,hamlet,0,وافيسن,ouafisn
696,2661216137,1004,hamlet,0,ليماوة,limaoua
697,2677320377,1004,hamlet,0,المرسى,La Marsa
698,2686918025,1003,village,0,قنطرة بنزرت,qntra bnzrt
699,2690918212,1004,hamlet,0,,nan
700,2723544887,1004,hamlet,0,شط العوامر,cht alaouamr
701,2723548198,1004,hamlet,0,العلايا,alalaia
702,2723561360,1004,hamlet,0,Jouabit,Jouabit
703,2729347379,1003,village,0,أولاد وهيبة,aoulad ouhiba
704,2735157275,1003,village,0,العمايم,alamaim
705,2735157284,1004,hamlet,0,سيدي سعيد,sidi said
706,2738129293,1004,hamlet,0,زواغة,zouagha
707,2740021849,1003,village,0,سند الحداد,snd alhdad
708,2740890402,1003,village,0,حمام كسرى,hmam ksra
709,2741747228,1003,village,0,,nan
710,2752752432,1003,village,0,عبد الصادق,abd alsadq
711,2754767700,1003,village,0,القوسة,alqousa
712,2778243021,1003,village,0,القليم,alqlim
713,2778243022,1004,hamlet,0,الخرمية,alkhrmia
714,2778243023,1004,hamlet,0,السبالة,alsbala
715,2778243024,1004,hamlet,0,سبع وديان,sba oudian
716,2789341447,1003,village,0,شاوش,chaouch
717,2789341452,1003,village,0,توكابر,toukabr
718,2813148640,1003,village,0,عرقوب,arqoub
719,2824511583,1003,village,0,حسّي الجربي,hsّi aljrbi
720,2828090546,1003,village,5556,برج العامري,brj alaamri
721,2828880513,1003,village,0,القريعات,alqriaat
722,2828882115,1003,village,0,برج النور,brj alnour
723,2828960104,1003,village,0,سيدي نصر,sidi nsr
724,2832031715,1004,hamlet,0,,nan
725,2832036076,1003,village,3334,تيبار,tibar
726,2837038876,1004,hamlet,0,حكيم,hkim
727,2840204369,1003,village,0,وادي مليز,ouadi mliz
728,2840204370,1003,village,0,سيدي مسكين,sidi mskin
729,2841662850,1003,village,5357,القصور,alqsour
730,2843047485,1003,village,4307,الروحية,alrouhia
731,2843047486,1003,village,3990,جدليان,jdlian
732,2843086204,1003,village,0,الزيتونة,alzitouna
733,2844579781,1002,town,0,بوغرارة,boughrara
734,2873759991,1003,village,5995,سبيبة,sbiba
735,2874824426,1004,hamlet,0,,nan
736,2874824483,1004,hamlet,0,الزنايدية,alznaidia
737,2874826396,1004,hamlet,0,القنة,alqna
738,2874826824,1003,village,0,,nan
739,2874828908,1003,village,0,عين الخمايسية,ain alkhmaisia
740,2876213834,1004,hamlet,0,شراع,chraa
741,2876213835,1004,hamlet,0,واد الماو,ouad almaou
742,2876402066,1004,hamlet,0,الحوامد,alhouamd
743,2876921759,1003,village,13742,المكناسي,almknasi
744,2876974934,1004,hamlet,0,المش,almch
745,2877642957,1003,village,0,بلخير,blkhir
746,2877642959,1004,hamlet,0,أولاد الحاج,aoulad alhaj
747,2877892106,1004,hamlet,0,العيايشة,alaiaicha
748,2878572712,1003,village,0,منزل الحبيب,mnzl alhbib
749,2878927340,1004,hamlet,0,وادي الزيتون,ouadi alzitoun
750,2879019718,1003,village,0,بن غيلوف,bn ghilouf
751,2880046310,1004,hamlet,0,,nan
752,2880052271,1004,hamlet,0,مزرع ناجي,mzra naji
753,2883150051,1003,village,0,بشني,bchni
754,2884977017,1003,village,0,استفطيمي,astftimi
755,2884978998,1003,village,0,القطعاية,alqtaaia
756,2885507496,1003,village,6000,فطناسة,ftnasa
757,2886155095,1004,hamlet,0,العمائم,alamaim
758,2888243906,1003,village,0,سند الجبل,snd aljbl
759,2888305601,1003,village,0,الطلح,altlh
760,2888305602,1050,locality,0,Gorge de Oued Hayfa,Gorge de Oued Hayfa
761,2889204496,1003,village,0,العواينية,alaouainia
762,2889204497,1003,village,0,البوع,alboua
763,2889204498,1004,hamlet,0,مركز فراح,mrkz frah
764,2893493100,1003,village,1387,الشراردة,alchrarda
765,2899481572,1003,village,0,سيدي الظاهر,sidi alzahr
766,2901685519,1003,village,0,زعفرانة,zafrana
767,2902761499,1004,hamlet,0,,nan
768,2902763440,1004,hamlet,0,,nan
769,2902763628,1003,village,0,رقادة,rqada
770,2930586474,1001,city,24243,سليانة,sliana
771,2960139532,1003,village,0,منزل حياة,mnzl hiaa
772,2967203258,1010,suburb,0,شنني,chnni
773,2988370656,1002,town,0,المحمدية,almhmdia
774,2988385577,1002,town,58792,منوبة,mnouba
775,3013469458,1002,town,0,قلعة الأندلس,qlaa alandls
776,3034981175,1050,locality,0,Place où a été tué Farhat Hached le 5 décembre 1952,Place où a été tué Farhat Hached le 5 décembre 1952
777,3057404031,1003,village,0,صانغو,sanghou
778,3060784999,1003,village,0,Tlet,Tlet
779,3068578605,1004,hamlet,0,سويحل,souihl
780,3078064354,1004,hamlet,0,جدارية,jdaria
781,3143761492,1002,town,3070,سيدي مخلوف,sidi mkhlouf
782,3143761493,1004,hamlet,0,9 أفريل,9 afril
783,3143778442,1003,village,0,القرين,alqrin
784,3143808121,1010,suburb,0,زريق,zriq
785,3145829326,1002,town,109690,سيدي حسين,sidi hsin
786,3145829327,1003,village,0,الحرايرية,alhrairia
787,3147047535,1050,locality,0,Houidhat Erreched,Houidhat Erreched
788,3147203492,1003,village,0,وادي الحجل,ouadi alhjl
789,3148875770,1003,village,0,جبل الجلود,jbl aljloud
790,3151789161,1003,village,3741,قبلاط,qblat
791,3151817218,1004,hamlet,0,,nan
792,3160236048,1004,hamlet,0,تلالة,tlala
793,3203082588,1003,village,9801,سيدي عيش,sidi aich
794,3430536430,1002,town,3435,نبر,nbr
795,3477742144,1003,village,0,حمام الجبلي,hmam aljbli
796,3507675734,1003,village,0,الزهراء,alzhra
797,3530082990,1003,village,0,رأس زبيب,ras zbib
798,3659198027,1050,locality,0,المهرين,almhrin
799,3668370508,1002,town,0,البطان,albtan
800,3680029605,1003,village,9000,سيدي علي بن عون,sidi ali bn aoun
801,3707754550,1010,suburb,0,سيدي بولبابة,sidi boulbaba
802,3771493269,1003,village,0,الزواوين,alzouaouin
803,3771494614,1003,village,6000,عوسجة,aousja
804,3784413129,1004,hamlet,0,,nan
805,3784603569,1004,hamlet,0,,nan
806,3784603591,1003,village,0,,nan
807,3785259029,1004,hamlet,0,,nan
808,3785259122,1004,hamlet,0,,nan
809,3785259172,1004,hamlet,0,,nan
810,3785259197,1004,hamlet,0,,nan
811,3785283958,1004,hamlet,0,,nan
812,3785321143,1003,village,0,,nan
813,3785321186,1004,hamlet,0,,nan
814,3785321686,1003,village,0,الجوي,aljoui
815,3794158071,1003,village,0,تاوجوت,taoujout
816,3794158072,1003,village,0,Zeraoua el Qadima,Zeraoua el Qadima
817,3804757286,1004,hamlet,0,الصايخة,alsaikha
818,3813586562,1003,village,0,Beni Zelten,Beni Zelten
819,3814029307,1004,hamlet,0,,nan
820,3823151839,1002,town,0,اللوزة,allouza
821,4013177993,1050,locality,0,الحمراء,alhmra
822,4013178342,1050,locality,0,رأس أفريقيا,ras afriqia
823,4050109330,1010,suburb,0,المنارة,almnara
824,4099579144,1002,town,0,عمدون,amdoun
825,4102400181,1003,village,0,القشعيين,alqchaiin
826,4125819044,1003,village,0,ورقش,ourqch
827,4210423622,1003,village,0,القريبيس,alqribis
828,4217495168,1003,village,0,زمور,zmour
829,4217577517,1004,hamlet,0,Ksar Ouled Bou Abid,Ksar Ouled Bou Abid
830,4219244094,1003,village,0,Ksar Daghra,Ksar Daghra
831,4219274628,1003,village,0,Ksar Tounket,Ksar Tounket
832,4228263235,1003,village,0,زمرتن,zmrtn
833,4242927131,1050,locality,0,Rdayef,Rdayef
834,4275407242,1003,village,0,بركوك,brkouk
835,4321545999,1003,village,0,,nan
836,4321593321,1004,hamlet,0,,nan
837,4321593601,1004,hamlet,0,,nan
838,4333706013,1003,village,0,الحزم,alhzm
839,4333774784,1003,village,0,خزرون,khzroun
840,4339685052,1010,suburb,0,باب البحر,bab albhr
841,4344207946,1003,village,0,فاتو,fatou
842,4352909073,1003,village,0,زنايقة ⵣⵏⴰⵢⴳⴰ,znaiqa ⵣⵏⴰⵢⴳⴰ
843,4360554072,1003,village,0,أولاد عامر,aoulad aamr
844,4385657860,1010,suburb,0,بدورة,bdoura
845,4394918677,1050,locality,0,chat dhamarana,chat dhamarana
846,4394922298,1004,hamlet,0,الضمرانة,aldmrana
847,4394953973,1002,town,50000,حمام الأتف,hmam alatf
848,4396821689,1010,suburb,0,بلدية تبلبو,bldia tblbou
849,4470234827,1004,hamlet,0,دوار علي بن الزين,douar ali bn alzin
850,4541839834,1003,village,0,هبيرة,hbira
851,4563440742,1003,village,0,بوسدرة,bousdra
852,4567288631,1003,village,0,حمام بورقيبة,hmam bourqiba
853,4568883438,1003,village,0,قريش الوادي,qrich alouadi
854,4633446424,1002,town,0,تازركة,tazrka
855,4729171869,1003,village,0,صدغيان,sdghian
856,4790853022,1002,town,0,فرنانة,frnana
857,4790875980,1003,village,0,بني مطير,bni mtir
858,4803301829,1050,locality,0,المنظمة العربية للتربية والثقافة والعلوم,almnzma alarbia lltrbia oualthqafa oualaloum
859,4834409319,1003,village,0,دجبة,djba
860,4908192316,1003,village,3000,لزدين,lzdin
861,5027115760,1003,village,0,سيدي بوعلي,sidi bouali
862,5027136120,1003,village,0,فرتونة,frtouna
863,5041242744,1004,hamlet,0,Jaïdane Mohamed,Jaïdane Mohamed
864,5056972162,1004,hamlet,0,دوار ظواهرية ⴹⵡⴰⵀⵔⵢⴰ,douar zouahria ⴹⵡⴰⵀⵔⵢⴰ
865,5056972281,1004,hamlet,0,الزوارنية ⵣⵡⴰⵔⵏⵢⴰ,alzouarnia ⵣⵡⴰⵔⵏⵢⴰ
866,5056972422,1004,hamlet,0,الهكمارة ⵀⴽⵎⴰⵔⴰ,alhkmara ⵀⴽⵎⴰⵔⴰ
867,5056972435,1004,hamlet,0,بودرياس ⴱⵓⴷⵔⵢⴰⵙ,boudrias ⴱⵓⴷⵔⵢⴰⵙ
868,5056972445,1004,hamlet,0,دوار الرقيبة,douar alrqiba
869,5059709058,1004,hamlet,0,عائشة أم شويشة ⵄⵉⵛⴰ ⵓⵎ ⵛⵡⵉⵛⴰ,aaicha am chouicha ⵄⵉⵛⴰ ⵓⵎ ⵛⵡⵉⵛⴰ
870,5061813489,1004,hamlet,0,,nan
871,5061813490,1004,hamlet,0,,nan
872,5061813491,1004,hamlet,0,,nan
873,5061819994,1004,hamlet,0,دوار عين جنان,douar ain jnan
874,5061830090,1004,hamlet,0,,nan
875,5061836817,1004,hamlet,0,مشتة بن فالية ⵎⵛⴻⵜ ⵓ ⴼⴰⵍⵢⴰ,mchta bn falia ⵎⵛⴻⵜ ⵓ ⴼⴰⵍⵢⴰ
876,5067512322,1002,town,10000,بئر الحفي,bir alhfi
877,5071677096,1003,village,0,رأس جدير,ras jdir
878,5081632765,1003,village,0,عين الكرمة,ain alkrma
879,5094361603,1003,village,0,مزرع بن سلامة,mzra bn slama
880,5128979620,1050,locality,0,باب البحر,bab albhr
881,5129065387,1050,locality,0,باب الجامع,bab aljama
882,5129077636,1050,locality,0,باب الجديد,bab aljdid
883,5129080474,1050,locality,0,BAB EL CHARQUI,BAB EL CHARQUI
884,5129088822,1050,locality,0,BAB EZZAOUIA,BAB EZZAOUIA
885,5151807000,1003,village,0,بوجليدة,boujlida
886,5163335649,1004,hamlet,0,,nan
887,5233525275,1003,village,0,المزارة,almzara
888,5233525276,1003,village,0,الرخمات,alrkhmat
889,5239666199,1003,village,0,Beni Mhira,Beni Mhira
890,5267783460,1004,hamlet,0,,nan
891,5267783480,1004,hamlet,0,,nan
892,5267783966,1004,hamlet,0,,nan
893,5313638288,1004,hamlet,0,,nan
894,5314225842,1003,village,0,خنقة الجازية,khnqa aljazia
895,5314225872,1003,village,0,السلوم,alsloum
896,5314227521,1003,village,0,حاسي الفريد,hasi alfrid
897,5314227531,1003,village,0,الكامور,alkamour
898,5314234484,1003,village,0,الهشيم,alhchim
899,5316229408,1003,village,0,العيون,alaioun
900,5340400120,1003,village,0,الكراشوة,alkrachoua
901,5531599253,1003,village,0,عين سلطان,ain sltan
902,5604049345,1004,hamlet,0,Habhab,Habhab
903,5627564471,1003,village,0,بني عيشون,bni aichoun
904,5629636916,1003,village,0,كريز المحسن,kriz almhsn
905,5658873754,1010,suburb,0,الحماري,alhmari
906,5658873755,1003,village,0,صونين,sounin
907,5741769757,1003,village,0,Techine,Techine
908,5826137835,1002,town,0,سيدي الظريف,sidi alzrif
909,5910321020,1004,hamlet,0,,nan
910,5942342265,1002,town,0,بئر الأحمر,bir alahmr
911,5974000209,1002,town,0,ملولش,mloulch
912,5981914543,1002,town,0,جبنيانة,jbniana
913,5982965571,1002,town,0,حزق,hzq
914,6002801243,1003,village,0,شواط,chouat
915,6039044550,1002,town,65645,منزل تميم,mnzl tmim
916,6039111046,1003,village,0,سيدي جمال الدين,sidi jmal aldin
917,6171135267,1020,island,0,شبه جزيرة المنستير,chbh jzira almnstir
918,6171465247,1010,suburb,0,مدينة المنستير العتيقة,mdina almnstir alatiqa
919,6175102914,1030,farm,0,ابن جابر,abn jabr
920,6178330200,1002,town,0,الرقبة,alrqba
921,6214200489,1003,village,0,التيايرة,altiaira
922,6215539235,1002,town,0,نصر الله,nsr allh
923,6389607508,1003,village,0,بئر شوكات,bir choukat
924,6389607509,1003,village,0,اللطايفة,alltaifa
925,6392145468,1003,village,0,أولاد موسى,aoulad mousa
926,6454492258,1003,village,2500,بشلي,bchli
927,6487653699,1003,village,0,حي الجبارنة,hi aljbarna
928,6513256947,1010,suburb,0,مركز السماوي,mrkz alsmaoui
929,6514259931,1003,village,0,سيدي ليتيم,sidi litim
930,6522309697,1003,village,0,العامرة,alaamra
931,6582739511,1002,town,0,مسجد عيسى,msjd aisa
932,6605263142,1003,village,0,بوجربوع,boujrboua
933,6616567215,1003,village,0,اللواتة,allouata
934,6617808421,1003,village,0,البرادعة,albradaa
935,6637553224,1002,town,0,عقارب,aqarb
936,6642997782,1003,village,0,سيدي صالح,sidi salh
937,6644823073,1003,village,0,بليانة,bliana
938,6644849698,1003,village,0,أولاد بوسمير,aoulad bousmir
939,6644987645,1003,village,0,القلالجة,alqlalja
940,6648406651,1003,village,0,المساترية,almsatria
941,6649525859,1003,village,0,البدارنة,albdarna
942,6649597250,1004,hamlet,0,الكتاتنة,alktatna
943,6650069701,1003,village,0,السعادي,alsaadi
944,6651424498,1003,village,0,الغرابة,alghraba
945,6654735998,1003,village,0,أولاد الحاج عمر,aoulad alhaj amr
946,6654816113,1003,village,0,مركز كمون,mrkz kmoun
947,6655027585,1004,hamlet,0,بوغرارة,boughrara
948,6655027587,1003,village,0,زواد قرمدة,zouad qrmda
949,6665615472,1004,hamlet,0,دخان,dkhan
950,6665615477,1004,hamlet,0,الغيب,alghib
951,6665615478,1003,village,0,ليماية,limaia
952,6665615479,1003,village,0,بوثدي,bouthdi
953,6665715162,1003,village,0,الشعال,alchaal
954,6666205344,1003,village,0,صبيح,sbih
955,6672532602,1010,suburb,0,مركز السبعي,mrkz alsbai
956,6672532608,1003,village,0,أولاد عبد الله,aoulad abd allh
957,6672532618,1003,village,0,زالبة,zalba
958,6672735564,1003,village,0,زردة,zrda
959,6672756652,1004,hamlet,0,الهيشة,alhicha
960,6677934264,1003,village,0,بئر صالح,bir salh
961,6677934270,1004,hamlet,0,منزل حمزة الشرقية,mnzl hmza alchrqia
962,6677934271,1003,village,0,عميرة الفحول,amira alfhoul
963,6677938928,1003,village,0,أولاد بوسيف,aoulad bousif
964,6677938929,1003,village,0,الجواودة,aljouaouda
965,6677938930,1003,village,0,الصغيرات,alsghirat
966,6677938931,1003,village,0,عميرة الحجاج,amira alhjaj
967,6677938932,1003,village,0,أولاد فائزة,aoulad faiza
968,6677938933,1003,village,0,شراحيل,chrahil
969,6677938940,1003,village,0,الحوم,alhoum
970,6680613723,1003,village,0,طينة,tina
971,6680613724,1003,village,0,سيدي عبيد,sidi abid
972,6680613725,1010,suburb,0,حي المعز,hi almaz
973,6681260481,1003,village,0,أولاد صالح,aoulad salh
974,6681297621,1003,village,0,الشواشين,alchouachin
975,6681328578,1003,village,0,مساكن,msakn
976,6757003471,1003,village,0,أبو دخان,abou dkhan
977,6861745969,1003,village,0,مشطة برزيك,mchta brzik
978,6912936777,1003,village,0,فج بوزيان,fj bouzian
979,6913884817,1003,village,0,أولاد سعد,aoulad sad
980,6913885024,1003,village,0,أولاد بلقاسم,aoulad blqasm
981,6913887728,1003,village,0,أولاد بوعلي,aoulad bouali
982,6913900774,1003,village,0,براهمية,brahmia
983,6915095887,1003,village,0,الفريوات,alfriouat
984,6915295920,1004,hamlet,0,بني عوف,bni aouf
985,6916167253,1004,hamlet,0,السوالم,alsoualm
986,6916167254,1003,village,0,منزل المهيري,mnzl almhiri
987,6916167255,1004,hamlet,0,الفلايلية,alflailia
988,6916227160,1003,village,0,الذويبات,aldhouibat
989,6916227161,1003,village,0,أولاد حفوز,aoulad hfouz
990,6917823081,1004,hamlet,0,أولاد لحمر,aoulad lhmr
991,6917923469,1004,hamlet,0,بئر البرادعة,bir albradaa
992,6919212299,1003,village,0,بئر الجديد,bir aljdid
993,6919908479,1003,village,0,الرقاب,alrqab
994,7019115862,1010,suburb,0,مركز القصاص,mrkz alqsas
995,7019212130,1010,suburb,0,مركز والي,mrkz ouali
996,7021422907,1003,village,0,سيدي بوشوشة,sidi bouchoucha
997,7021444396,1003,village,0,القعايد,alqaaid
998,7021527584,1004,hamlet,0,Sidi Mechreg,Sidi Mechreg
999,7021678552,1004,hamlet,0,الشريشيرة,alchrichira
1000,7023020450,1003,village,0,الغضابنة,alghdabna
1001,7023094688,1003,village,0,الخمارة,alkhmara
1002,7023299504,1004,hamlet,0,دوار زعبة,douar zaba
1003,7023542479,1003,village,0,تزغران,tzghran
1004,7023622192,1004,hamlet,0,منزل عيسى,mnzl aisa
1005,7023643222,1003,village,0,الرعينين,alrainin
1006,7023651600,1004,hamlet,0,سيدي عبد المنعم,sidi abd almnam
1007,7023669048,1003,village,0,الصقالبة,alsqalba
1008,7023800964,1004,hamlet,0,بئر الجدي,bir aljdi
1009,7023815340,1003,village,0,بوكريم,boukrim
1010,7024032089,1003,village,0,ملول,mloul
1011,7024184509,1004,hamlet,0,الكدوة,alkdoua
1012,7024189845,1004,hamlet,0,الرياض,alriad
1013,7024203586,1003,village,0,كركوان,krkouan
1014,7024204920,1003,village,0,دار علوش,dar alouch
1015,7024233114,1004,hamlet,0,الشرف,alchrf
1016,7024233115,1004,hamlet,0,سيدي مذكور,sidi mdhkour
1017,7024263535,1004,hamlet,0,المخاطرية,almkhatria
1018,7024263550,1004,hamlet,0,الغرفة,alghrfa
1019,7024263563,1004,hamlet,0,بني خيرة,bni khira
1020,7025699940,1004,hamlet,0,بوحبيب,bouhbib
1021,7025729391,1004,hamlet,0,العرقوب,alarqoub
1022,7025729418,1004,hamlet,0,الفطح,alfth
1023,7025761781,1003,village,0,سيدي داود,sidi daoud
1024,7025787725,1004,hamlet,0,برج الصالحي,brj alsalhi
1025,7026035143,1003,village,0,منزل حر,mnzl hr
1026,7026314952,1004,hamlet,0,كاف الشامي,kaf alchami
1027,7026314953,1004,hamlet,0,بني عبد العزيز,bni abd alaziz
1028,7026501958,1004,hamlet,0,داموس,damous
1029,7026501975,1003,village,0,الوديان,aloudian
1030,7027046900,1004,hamlet,0,سيدي حسون,sidi hsoun
1031,7027171437,1004,hamlet,0,جبل الحداد,jbl alhdad
1032,7027171451,1004,hamlet,0,قصر سعد,qsr sad
1033,7027219524,1004,hamlet,0,الأثلاث,alathlath
1034,7027234023,1004,hamlet,0,الكشايشة,alkchaicha
1035,7027247190,1003,village,0,ديار الحجاج,diar alhjaj
1036,7027248322,1003,village,0,بوجريدة,boujrida
1037,7027252234,1003,village,0,قرعة ساسـي,qraa sasـi
1038,7028127100,1003,village,0,سيدي حسن بلحاج,sidi hsn blhaj
1039,7028169749,1004,hamlet,0,بئر الشعبة,bir alchaba
1040,7028188921,1004,hamlet,0,الحلالفة,alhlalfa
1041,7028704003,1004,hamlet,0,جروالة,jrouala
1042,7029082592,1004,hamlet,0,سيدي محمد نويقص,sidi mhmd nouiqs
1043,7029117703,1004,hamlet,0,السواني,alsouani
1044,7030967057,1004,hamlet,0,السوينية,alsouinia
1045,7030985203,1004,hamlet,0,راس فرطوط,ras frtout
1046,7031095292,1003,village,0,القندول,alqndoul
1047,7031699784,1004,hamlet,0,بئر أولاد محمود,bir aoulad mhmoud
1048,7034037424,1003,village,0,ساقية الخادم,saqia alkhadm
1049,7034412588,1003,village,0,وادي باجة الشمالية,ouadi baja alchmalia
1050,7034505117,1004,hamlet,0,العيايطة,alaiaita
1051,7035496925,1004,hamlet,0,بن سهلون,bn shloun
1052,7036024844,1004,hamlet,0,سيدي عبد الكافي,sidi abd alkafi
1053,7036695816,1003,village,0,المراعنية,almraania
1054,7036701717,1004,hamlet,0,بئر الملولي,bir almlouli
1055,7036738535,1003,village,0,العوابد,alaouabd
1056,7036738536,1010,suburb,0,مركز اللجمي,mrkz alljmi
1057,7037664472,1004,hamlet,0,بئر بن عياد,bir bn aiad
1058,7037763586,1004,hamlet,0,بشكة,bchka
1059,7037763594,1004,hamlet,0,الحاج قاسم,alhaj qasm
1060,7038401028,1003,village,0,أولاد منصر,aoulad mnsr
1061,7038628585,1003,village,0,بطرية,btria
1062,7038628593,1004,hamlet,0,أولاد أحمد,aoulad ahmd
1063,7040401356,1010,suburb,0,مركز الشيحية,mrkz alchihia
1064,7043962339,1004,hamlet,0,صوار,souar
1065,7046796753,1004,hamlet,0,بني دراج,bni draj
1066,7046861315,1003,village,0,عين الصابون,ain alsaboun
1067,7047085523,1003,village,0,وادي الكنز,ouadi alknz
1068,7047085524,1003,village,0,عين البطرية,ain albtria
1069,7048807347,1003,village,0,بئر مشارقة المحطة,bir mcharqa almhta
1070,7049378448,1003,village,0,عين عسكر,ain askr
1071,7049461595,1004,hamlet,0,عين الصفصاف,ain alsfsaf
1072,7049501593,1003,village,0,المناقع,almnaqa
1073,7049577105,1003,village,0,سيدي عويدات,sidi aouidat
1074,7049621723,1003,village,0,ذراع بن جودر,dhraa bn joudr
1075,7049751062,1004,hamlet,0,قليب الجمل,qlib aljml
1076,7051550591,1004,hamlet,0,الغريفات,alghrifat
1077,7051550601,1004,hamlet,0,ضمدة,dmda
1078,7056542941,1003,village,0,شماخ,chmakh
1079,7056910053,1003,village,0,بوسماعیل,bousmaaیl
1080,7057312181,1003,village,0,برج المرقاب,brj almrqab
1081,7057330398,1003,village,0,دوار إسرحايرة,douar isrhaira
1082,7057330399,1003,village,0,التراكة,altraka
1083,7069789030,1003,village,0,اللاس,allas
1084,7069853506,1003,village,0,الآبار,alabar
1085,7069861238,1003,village,0,المرجى,almrja
1086,7069963616,1003,village,0,الأربص,alarbs
1087,7078433783,1003,village,0,البرغوثية,albrghouthia
1088,7078434534,1003,village,0,كلوامن,klouamn
1089,7099108306,1003,village,0,دوار بو شبنا,douar bou chbna
1090,7179612035,1004,hamlet,0,هنشير السويطير,hnchir alsouitir
1091,7179613733,1003,village,0,تابديت,tabdit
1092,7179613734,1004,hamlet,0,العيون,alaioun
1093,7186137196,1002,town,0,نعسان,nasan
1094,7236941686,1003,village,0,هداج,hdaj
1095,7241308243,1003,village,0,سوق الجمعة,souq aljmaa
1096,7241308267,1003,village,0,وادي غريب,ouadi ghrib
1097,7281339859,1004,hamlet,0,دوار الزوايتية,douar alzouaitia
1098,7296229012,1003,village,0,العرب,alarb
1099,7312461187,1003,village,0,العلاء,alala
1100,7312474745,1003,village,0,النفاتيّة,alnfatiّa
1101,7312576963,1003,village,0,منزل حشاد,mnzl hchad
1102,7312777304,1003,village,0,الشحدة,alchhda
1103,7312884651,1003,village,0,أولاد الحناشي,aoulad alhnachi
1104,7312905084,1003,village,0,الملاهمة,almlahma
1105,7313706954,1003,village,0,الهدادرة,alhdadra
1106,7318443314,1003,village,6439,حامة الجريد,hama aljrid
1107,7321681450,1003,village,0,منارة الحمامات,mnara alhmamat
1108,7328400414,1003,village,0,بوهلال علي الجنوبية,bouhlal ali aljnoubia
1109,7328665171,1003,village,0,الكساسبة,alksasba
1110,7329027151,1003,village,0,الزغابنة,alzghabna
1111,7329439316,1010,suburb,0,السدرة,alsdra
1112,7334257539,1003,village,0,الشهبانية,alchhbania
1113,7334499037,1003,village,0,وادي السدر,ouadi alsdr
1114,7335911456,1003,village,0,أولاد عامر,aoulad aamr
1115,7340150505,1004,hamlet,0,الشوايحية,alchouaihia
1116,7343527641,1003,village,0,مغيلة,mghila
1117,7344355583,1004,hamlet,0,أولاد منصر,aoulad mnsr
1118,7352323697,1010,suburb,0,سيدي علي الحطاب,sidi ali alhtab
1119,7354181937,1010,suburb,0,القنارة,alqnara
1120,7358533005,1004,hamlet,0,سيدي أحمد الجديدي,sidi ahmd aljdidi
1121,7358533028,1004,hamlet,0,المنشار,almnchar
1122,7358860808,1004,hamlet,0,حمام السيالة,hmam alsiala
1123,7359163036,1003,village,0,سوق السبت,souq alsbt
1124,7359785747,1002,town,0,الجديدة,aljdida
1125,7359958249,1003,village,0,سيدي عثمان,sidi athman
1126,7359958252,1003,village,0,عين غلال,ain ghlal
1127,7359958254,1004,hamlet,0,سبعة عوينات,sbaa aouinat
1128,7359958256,1003,village,0,برج السبعي,brj alsbai
1129,7360164293,1004,hamlet,0,تمرة,tmra
1130,7360164296,1003,village,0,الفيرمة,alfirma
1131,7363760966,1003,village,0,بوشـكارة,bouchـkara
1132,7363760969,1003,village,0,جدارة,jdara
1133,7364294248,1003,village,0,العزيب,alazib
1134,7364294250,1002,town,0,منزل جميل,mnzl jmil
1135,7366238620,1003,village,0,زعرور,zarour
1136,7366543308,1003,village,0,العريمة,alarima
1137,7366758867,1003,village,0,التباينية,altbainia
1138,7366758868,1003,village,0,فج الريح,fj alrih
1139,7369295664,1003,village,0,الحنية,alhnia
1140,7369366087,1003,village,0,الشرائع,alchraia
1141,7371710998,1003,village,0,منزل بوزيان,mnzl bouzian
1142,7371711020,1003,village,0,السمائرية,alsmairia
1143,7371930429,1003,village,0,أولاد تليجان,aoulad tlijan
1144,7372278662,1003,village,0,الميدة,almida
1145,7372278674,1003,village,0,زقراطة,zqrata
1146,7372876031,1003,village,0,الأرطس,alarts
1147,7372876054,1003,village,0,القصر,alqsr
1148,7376165294,1003,village,0,ميتول,mitoul
1149,7376586222,1003,village,0,سيدي أحمد الصالح,sidi ahmd alsalh
1150,7379471031,1003,village,0,بولعابة,boulaaba
1151,7379711282,1003,village,0,بودرياس,boudrias
1152,7379811829,1003,village,0,الدخانية,aldkhania
1153,7380306576,1003,village,0,منزل سالم,mnzl salm
1154,7385863145,1003,village,0,الشعاليل الجنوبية,alchaalil aljnoubia
1155,7385967850,1004,hamlet,0,صوغاس الشمالية,soughas alchmalia
1156,7386057025,1004,hamlet,0,المعيذر,almaidhr
1157,7386090323,1004,hamlet,0,صوغاس الجنوبية,soughas aljnoubia
1158,7386357276,1003,village,0,بوعشير,bouachir
1159,7388918078,1003,village,0,العروسية,alarousia
1160,7388918079,1003,village,0,برج التومي,brj altoumi
1161,7388968195,1003,village,0,الهري,alhri
1162,7390818324,1003,village,0,سكرة,skra
1163,7392217691,1003,village,0,المنيهلة,almnihla
1164,7429400497,1003,village,0,الغابات,alghabat
1165,7429400517,1003,village,0,أولاد حمودة,aoulad hmouda
1166,7429423422,1003,village,0,المرازيق,almraziq
1167,7433333155,1003,village,0,دار الجمعية,dar aljmaia
1168,7433415028,1003,village,1000,هندي الزيتونة,hndi alzitouna
1169,7495724516,1003,village,0,أولاد سالم,aoulad salm
1170,7495724543,1003,village,0,أم علي,am ali
1171,7495724546,1004,hamlet,0,بير أم علي ⴱⵉⵔ ⵎⵎ'ⵄⵍⵉ,bir am ali ⴱⵉⵔ ⵎⵎ'ⵄⵍⵉ
1172,7620818518,1004,hamlet,0,,nan
1173,7620818519,1004,hamlet,0,,nan
1174,7635838483,1003,village,0,سيدي سهيل,sidi shil
1175,7648224726,1003,village,0,سيدي يأتي,sidi iati
1176,7648224727,1004,hamlet,0,الفيتوري,alfitouri
1177,7648224729,1004,hamlet,0,المهيري,almhiri
1178,7661829290,1050,locality,0,بيلاز,bilaz
1179,7666668247,1003,village,0,العجانقة,alajanqa
1180,7678138272,1003,village,0,الخوات,alkhouat
1181,7680916653,1004,hamlet,0,غاندرية,ghandria
1182,7680916654,1003,village,0,وادي الغار,ouadi alghar
1183,7685117577,1003,village,0,سيدي إسماعيل,sidi ismaail
1184,7685164452,1003,village,0,زانوش,zanouch
1185,7716925563,1002,town,0,بومهل البساتين,boumhl albsatin
1186,7716925564,1002,town,0,مقرين,mqrin
1187,7720714782,1002,town,0,دوار هيشر,douar hichr
1188,7723537359,1003,village,0,بوعوان,bouaouan
1189,7723537360,1003,village,0,بلطة,blta
1190,7726174900,1003,village,0,السوق الجديد,alsouq aljdid
1191,7760714473,1003,village,0,رياض بوهلال,riad bouhlal
1192,7764578460,1003,village,0,الرشارشة,alrcharcha
1193,7764587576,1003,village,0,التلالسة,altlalsa
1194,7765194447,1003,village,0,الخشم,alkhchm
1195,7765194469,1003,village,0,السعيدة,alsaida
1196,7784003393,1003,village,0,الهوايدية,alhouaidia
1197,7797139018,1003,village,0,أولاد المبروك,aoulad almbrouk
1198,7831856311,1003,village,0,سماش,smach
1199,7855480158,1010,suburb,0,مركز بشة,mrkz bcha
1200,7855480159,1010,suburb,0,الخيرية,alkhiria
1201,7855480160,1010,suburb,0,مركز الحطاب,mrkz alhtab
1202,7855480161,1010,suburb,0,مركز البقلوطي,mrkz albqlouti
1203,7855551512,1010,suburb,0,مركز بن عامر,mrkz bn aamr
1204,7856141141,1010,suburb,0,مركز حمودة,mrkz hmouda
1205,7856141142,1010,suburb,0,مركز درويش,mrkz drouich
1206,7856141144,1003,village,0,العقاربة,alaqarba
1207,7856141165,1004,hamlet,0,لدباع,ldbaa
1208,7856141166,1004,hamlet,0,الجوالين,aljoualin
1209,7856141178,1004,hamlet,0,رجال الكدوة,rjal alkdoua
1210,7856141179,1003,village,0,الحمايزية,alhmaizia
1211,7856369371,1004,hamlet,0,سيدي مخلوف,sidi mkhlouf
1212,7856369372,1004,hamlet,0,الفيض,alfid
1213,7856369377,1004,hamlet,0,أولاد مسلّم,aoulad mslّm
1214,7856369380,1003,village,0,المهارة,almhara
1215,7856537996,1004,hamlet,0,دوار أولاد الحاج صالح,douar aoulad alhaj salh
1216,7856537998,1004,hamlet,0,سيدي محمد بن عمُر,sidi mhmd bn amُr
1217,7856569900,1004,hamlet,0,العيايدة,alaiaida
1218,7856569901,1004,hamlet,0,الطاوس,altaous
1219,7856569902,1004,hamlet,0,القوادرية,alqouadria
1220,7856569909,1004,hamlet,0,ماجل الدرَج,majl aldrَj
1221,7859496543,1004,hamlet,0,برج الفراتي,brj alfrati
1222,7859497115,1004,hamlet,0,عقلة معدان,aqla madan
1223,7859497122,1004,hamlet,0,زعيبيط,zaibit
1224,7861280082,1004,hamlet,0,أولاد أحمد,aoulad ahmd
1225,7861280084,1004,hamlet,0,دوار أولاد الحاج أحمد,douar aoulad alhaj ahmd
1226,7861280093,1004,hamlet,0,بئر عباس,bir abas
1227,7861280101,1004,hamlet,0,مسكون,mskoun
1228,7861535074,1010,suburb,0,مركز معلول,mrkz maloul
1229,7861716880,1010,suburb,0,قصيبة الشط,qsiba alcht
1230,7862602244,1004,hamlet,0,العيايدة,alaiaida
1231,7867289872,1004,hamlet,0,أم الزيد,am alzid
1232,7867289873,1004,hamlet,0,كرامت,kramt
1233,7867290279,1004,hamlet,0,عوينات شراقة,aouinat chraqa
1234,7867290280,1004,hamlet,0,العرقوب الأبيض,alarqoub alabid
1235,7867290322,1004,hamlet,0,الرحاحلة,alrhahla
1236,7867290323,1004,hamlet,0,الشهايبية,alchhaibia
1237,7867290324,1004,hamlet,0,بطن الزرايب,btn alzraib
1238,7867290325,1004,hamlet,0,مسراطة,msrata
1239,7867290327,1004,hamlet,0,الفراشيش,alfrachich
1240,7867290340,1004,hamlet,0,دوار الدخانية,douar aldkhania
1241,7867290342,1004,hamlet,0,الطرابلسية,altrablsia
1242,7867580388,1004,hamlet,0,الرحاحلة,alrhahla
1243,7867580389,1004,hamlet,0,كراميت,kramit
1244,7867580414,1004,hamlet,0,الخلايلية,alkhlailia
1245,7867580415,1004,hamlet,0,الحصحاصية,alhshasia
1246,7867580421,1004,hamlet,0,بن نورية,bn nouria
1247,7867580423,1010,suburb,0,حي البراج,hi albraj
1248,7867580425,1003,village,0,الكريب محطة,alkrib mhta
1249,7867580434,1004,hamlet,0,دوار أولاد بوصلاح,douar aoulad bouslah
1250,7867580435,1004,hamlet,0,دوار الحاج ضيف الله,douar alhaj dif allh
1251,7867580436,1004,hamlet,0,الرزايقية,alrzaiqia
1252,7867580437,1004,hamlet,0,دوار أولاد رجب,douar aoulad rjb
1253,7867580438,1004,hamlet,0,دوار الرويسين,douar alrouisin
1254,7867872724,1004,hamlet,0,الصغايرية,alsghairia
1255,7867872725,1004,hamlet,0,العباسي,alabasi
1256,7867872728,1004,hamlet,0,أولاد سليط,aoulad slit
1257,7867872729,1004,hamlet,0,الحساينية,alhsainia
1258,7868076912,1003,village,0,أولاد مفدة,aoulad mfda
1259,7868640848,1020,island,0,Lazdad,Lazdad
1260,7868848413,1004,hamlet,0,أولاد عائشة,aoulad aaicha
1261,7875668083,1004,hamlet,0,دوار مقورة,douar mqoura
1262,7875668084,1003,village,0,المشروحة,almchrouha
1263,7875668092,1004,hamlet,0,دوار البطين,douar albtin
1264,7875668095,1004,hamlet,0,دوار الولجة,douar aloulja
1265,7875668096,1003,village,0,القبة,alqba
1266,7875668097,1004,hamlet,0,المزنين,almznin
1267,7875668098,1003,village,0,قبة لاغة,qba lagha
1268,7875711070,1003,village,0,غرداية,ghrdaia
1269,7875711077,1003,village,0,ديار بن سالم,diar bn salm
1270,7875711078,1004,hamlet,0,الكنايس,alknais
1271,7908218726,1003,village,0,بوشراي,bouchrai
1272,7913117876,1004,hamlet,0,الروايسية,alrouaisia
1273,7913218846,1004,hamlet,0,البياضة,albiada
1274,7913334847,1004,hamlet,0,الدورة,aldoura
1275,7913334848,1004,hamlet,0,برارم,brarm
1276,7913334849,1004,hamlet,0,الدوايدية,aldouaidia
1277,7913334850,1004,hamlet,0,سيدي عمر,sidi amr
1278,7913515356,1003,village,0,سيدي الظاهر,sidi alzahr
1279,7937701302,1003,village,0,عليم,alim
1280,7938334020,1003,village,0,أولاد سليمان,aoulad sliman
1281,7938334046,1003,village,0,الهيشرية,alhichria
1282,7950467945,1003,village,0,زليانة,zliana
1283,7951514917,1003,village,0,ودران,oudran
1284,7955459940,1004,hamlet,0,القزقازية,alqzqazia
1285,7955471853,1003,village,0,الزعافرية,alzaafria
1286,7968567001,1003,village,0,الفوني,alfouni
1287,7991118348,1004,hamlet,0,مركز مصباح,mrkz msbah
1288,8022428811,1003,village,0,سيدي مدين,sidi mdin
1289,8027679303,1010,suburb,0,حي النسيم,hi alnsim
1290,8027679311,1010,suburb,0,حي الرياض,hi alriad
1291,8027925514,1003,village,0,المبطوح,almbtouh
1292,8027925530,1003,village,0,البسباسية,albsbasia
1293,8031782101,1003,village,0,أم هاني,am hani
1294,8032406625,1003,village,0,برج شلوف,brj chlouf
1295,8032406649,1003,village,0,بني نافع,bni nafa
1296,8032691913,1003,village,0,تسكراية,tskraia
1297,8035791881,1003,village,0,رُكُّب,rُkُّb
1298,8035791884,1003,village,0,الذواودة,aldhouaouda
1299,8035805793,1003,village,0,بومخيلة,boumkhila
1300,8039274824,1003,village,0,الحشاشنة,alhchachna
1301,8081020993,1003,village,0,الخزانات,alkhzanat
1302,8165739598,1003,village,0,بشيمة القلب,bchima alqlb
1303,8167003678,1003,village,0,النحال,alnhal
1304,8170684485,1003,village,0,السعادة,alsaada
1305,8170684497,1003,village,0,الزوازي,alzouazi
1306,8201985183,1003,village,0,النصر,alnsr
1307,8205058835,1003,village,0,بوهلال علي الشمالية,bouhlal ali alchmalia
1308,8210205657,1003,village,0,الصفحة,alsfha
1309,8213732124,1003,village,0,منزل فاتح,mnzl fath
1310,8213826383,1003,village,0,سيدي سعيد,sidi said
1311,8225361669,1003,village,0,سيدي زيد,sidi zid
1312,8227071317,1003,village,0,العوامرية,alaouamria
1313,8257614460,1003,village,0,القلال,alqlal
1314,8261446775,1010,suburb,0,حي الرياض,hi alriad
1315,8589212728,1003,village,0,الجليدة,aljlida
1316,8589212731,1003,village,0,وادي العرعار,ouadi alaraar
1317,8646395782,1003,village,0,العضلة,aladla
1318,8655345739,1003,village,0,Bir Thlathine,Bir Thlathine
1319,8675991629,1003,village,0,دار يوسف,dar iousf
1320,8675991630,1004,hamlet,0,أولاد الصلعاني,aoulad alslaani
1321,8676317970,1003,village,0,الفجة,alfja
1322,8678682451,1004,hamlet,0,بني تون,bni toun
1323,8679346371,1003,village,0,سيدي بوبكر,sidi boubkr
1324,8696876147,1003,village,0,سيدي علي شباب,sidi ali chbab
1325,8708933589,1003,village,0,أولاد بوزيد,aoulad bouzid
1326,8709438081,1003,village,0,عين بومرة,ain boumra
1327,8715167023,1003,village,0,قرقور,qrqour
1328,8718373495,1003,village,0,وادي الرخام,ouadi alrkham
1329,8719488017,1003,village,0,بئر الوصفان,bir alousfan
1330,8719488025,1003,village,0,جهينة,jhina
1331,8719488026,1004,hamlet,0,لودي,loudi
1332,8722435220,1003,village,0,بشري,bchri
1333,8805219012,1003,village,100,العبادلية,alabadlia
1334,8805219013,1003,village,500,الرواونة,alrouaouna
1335,8805590373,1002,town,200,أولاد الجلاصي,aoulad aljlasi
1336,9020111797,1003,village,0,قرام,qram
1337,9022334739,1003,village,0,Nekrif,Nekrif
1338,9022801628,1003,village,0,قصر عون,qsr aoun
1339,9024487157,1003,village,0,قراقر,qraqr
1340,9031925145,1003,village,0,Ksar El Mhadha,Ksar El Mhadha
1341,9032302154,1003,village,0,وادي الخيل,ouadi alkhil
1342,9032302161,1003,village,0,Tlelet,Tlelet
1343,9035062540,1003,village,0,المالحة,almalha
1344,9037891160,1003,village,0,المنارة,almnara
1345,9039880664,1004,hamlet,0,الصداقية,alsdaqia
1346,9039880665,1004,hamlet,0,عويثة الغزال,aouitha alghzal
1347,9039880669,1004,hamlet,0,السلاطنية,alslatnia
1348,9040329141,1003,village,0,التوتة,altouta
1349,9052831005,1004,hamlet,0,حسي النور,hsi alnour
1350,9052889223,1004,hamlet,0,وادي الربايع,ouadi alrbaia
1351,9055379023,1004,hamlet,0,الشعابنة,alchaabna
1352,9273035585,1004,hamlet,0,الفرفار,alfrfar
1353,9324876242,1003,village,0,Ajej,Ajej
1354,9347210380,1003,village,0,عمرة,amra
1355,9347210382,1003,village,0,عمرة الجديدة,amra aljdida
1356,9347210387,1004,hamlet,0,الصعدان,alsadan
1357,9351150377,1003,village,0,Chouamakh,Chouamakh
1358,9352204819,1003,village,0,صخيرة,skhira
1359,9363301703,1003,village,0,بن بشير,bn bchir
1360,9583605269,1003,village,0,سيدي خليفة,sidi khlifa
1361,9772521629,1003,village,0,رقوبة,rqouba
1362,9772827014,1003,village,0,ليماوة,limaoua
1363,9774967682,1003,village,0,العيور,alaiour
1364,9779391118,1004,hamlet,0,بشيمة البرج,bchima albrj
1365,9827524488,1010,suburb,0,المعقولة,almaqoula
1366,9828158709,1003,village,0,شعبة الحوت,chaba alhout
1367,9833372023,1003,village,0,السعفات,alsafat
1368,9838893273,1010,suburb,0,الوراسنية,alourasnia
1369,9843640548,1003,village,0,النفاتية,alnfatia
1370,9843640641,1003,village,0,بن سلامة,bn slama
1371,9843640645,1003,village,0,العياطي,alaiati
1372,9843640664,1003,village,0,الطوايشة,altouaicha
1373,9847954028,1003,village,0,الحبيبية,alhbibia
1374,9865938031,1003,village,0,الزعيرات,alzairat
1375,9865938036,1003,village,0,الرقايقة,alrqaiqa
1376,9891463598,1003,village,0,الغنادة,alghnada
1377,9891474527,1003,village,0,سيدي بوعثمان,sidi bouathman
1378,9939322046,1003,village,0,الغويلات,alghouilat
1379,9944548145,1003,village,0,بلاريجيا,blarijia
1380,9944600676,1003,village,0,البراهمي,albrahmi
1381,9945093900,1003,village,0,بني محمد,bni mhmd
1382,9945140209,1003,village,0,منصورة,mnsoura
1383,9947246733,1003,village,0,جرسين,jrsin
1384,9949352398,1003,village,0,المساعيد,almsaaid
1385,9949368010,1003,village,0,تنبيب,tnbib
1386,9949605486,1003,village,0,الرابطة,alrabta
1387,9949605492,1003,village,0,عين سليم,ain slim
1388,9949645742,1003,village,0,بروكة,brouka
1389,9949645749,1003,village,0,كاف دربي,kaf drbi
1390,9949758503,1003,village,0,السوينية,alsouinia
1391,9949758506,1003,village,0,العبابسة,alababsa
1392,9949758509,1003,village,0,القرية,alqria
1393,9949758512,1003,village,0,أولاد إبراهيم,aoulad ibrahim
1394,9949758516,1003,village,0,الواعرة,alouaara
1395,9951756021,1003,village,0,بانو,banou
1396,9952853123,1003,village,0,كنانة,knana
1397,9953079730,1004,hamlet,0,سيدي سعيدان,sidi saidan
1398,9981469060,1003,village,0,الشواشية,alchouachia
1399,9985844506,1004,hamlet,0,الفالتة,alfalta
1400,9985876230,1004,hamlet,0,الحسناوي,alhsnaoui
1401,9986048490,1003,village,0,إبراهيم الزهار,ibrahim alzhar
1402,9988092239,1003,village,0,العين البيضاء,alain albida
1403,9988092251,1004,hamlet,0,أولاد بعيوي,aoulad baioui
1404,9988092280,1004,hamlet,0,النقاز,alnqaz
1405,9988409348,1003,village,0,الجمعة,aljmaa
1406,9988409351,1004,hamlet,0,حوش الصفايا,houch alsfaia
1407,9988859674,1004,hamlet,0,وادي السواني,ouadi alsouani
1408,9988859675,1010,suburb,0,قرية السعادة,qria alsaada
1409,9989497150,1010,suburb,0,حي ملاك,hi mlak
1410,9990790989,1010,suburb,0,مركز بن حليمة,mrkz bn hlima
1411,9995234638,1004,hamlet,0,الخيور,alkhiour
1412,9995234639,1004,hamlet,0,أولاد شريفة,aoulad chrifa
1413,10002024787,1004,hamlet,0,عين زريق,ain zriq
1414,10002024986,1010,suburb,0,حي المنجي سليم,hi almnji slim
1415,10002393427,1003,village,0,عين الديسة,ain aldisa
1416,10002393679,1004,hamlet,0,عين الدفالي,ain aldfali
1417,10003949806,1003,village,0,سيدي عبد النور,sidi abd alnour
1418,10003979871,1003,village,0,بوشة,boucha
1419,10003979880,1003,village,0,دلائل العروس,dlail alarous
1420,10004387317,1004,hamlet,0,عين دباب,ain dbab
1421,10004387321,1004,hamlet,0,سيدي مسعود,sidi msaoud
1422,10004387386,1004,hamlet,0,هنشير الرمان,hnchir alrman
1423,10004387396,1003,village,0,التليل الصالحي,altlil alsalhi
1424,10004387452,1004,hamlet,0,فطيس,ftis
1425,10004462450,1003,village,0,شيخ الوديان,chikh aloudian
1426,10004462463,1003,village,0,دور إسماعيل,dour ismaail
1427,10006515464,1003,village,0,الزعيبات,alzaibat
1428,10006515480,1003,village,0,شعلاب,chalab
1429,10006515482,1004,hamlet,0,الفزقية,alfzqia
1430,10006515498,1004,hamlet,0,بئر الفيض,bir alfid
1431,10006515501,1004,hamlet,0,بئر الحلو,bir alhlou
1432,10006515503,1003,village,0,الشرايطية,alchraitia
1433,10006515504,1004,hamlet,0,بئر الدولة,bir aldoula
1434,10006515509,1004,hamlet,0,بئر القصور,bir alqsour
1435,10006525950,1004,hamlet,0,المناصير,almnasir
1436,10006525963,1004,hamlet,0,العجابنة الدشرة,alajabna aldchra
1437,10006525988,1004,hamlet,0,دوار الفالحية,douar alfalhia
1438,10006526015,1003,village,0,الكبارة,alkbara
1439,10006741193,1004,hamlet,0,الخبينة,alkhbina
1440,10006741276,1003,village,0,قمودة,qmouda
1441,10006741340,1003,village,0,بئر الباي,bir albai
1442,10006741366,1003,village,0,البريج,albrij
1443,10006741378,1003,village,0,القساسمية,alqsasmia
1444,10006882439,1003,village,0,أولاد خليفة,aoulad khlifa
1445,10006882453,1004,hamlet,0,أولاد ساهل,aoulad sahl
1446,10006882461,1003,village,0,بئر بوصبيع,bir bousbia
1447,10006882464,1003,village,0,بئر عمامة,bir amama
1448,10006882476,1004,hamlet,0,الفريو,alfriou
1449,10006882480,1003,village,0,الفتح,alfth
1450,10008668578,1004,hamlet,0,بئر سيدي علي بلعابد,bir sidi ali blaabd
1451,10008668579,1004,hamlet,0,دوار قصر الخامسة,douar qsr alkhamsa
1452,10008679366,1004,hamlet,0,الرضاع,alrdaa
1453,10008679370,1003,village,0,أولاد دلالة,aoulad dlala
1454,10008679371,1004,hamlet,0,فرجان,frjan
1455,10008679396,1004,hamlet,0,أولاد زايد,aoulad zaid
1456,10008679398,1004,hamlet,0,أولاد طالب,aoulad talb
1457,10008679399,1004,hamlet,0,بئر سعد,bir sad
1458,10009372769,1003,village,0,الشبيبة,alchbiba
1459,10009372791,1004,hamlet,0,المريطبة,almritba
1460,10010935167,1004,hamlet,0,العمايمية,alamaimia
1461,10010935225,1004,hamlet,0,أم الأقصاب,am alaqsab
1462,10010935229,1004,hamlet,0,عقلة أحمد,aqla ahmd
1463,10010935353,1003,village,0,الصخيرات,alskhirat
1464,10010935355,1004,hamlet,0,أولاد إبراهيم,aoulad ibrahim
1465,10011134568,1004,hamlet,0,السنك,alsnk
1466,10011134595,1004,hamlet,0,زاوية المولدي,zaouia almouldi
1467,10011134636,1004,hamlet,0,الطباقة,altbaqa
1468,10011471886,1004,hamlet,0,عين الجديدة,ain aljdida
1469,10011519032,1004,hamlet,0,عين الحمادنة,ain alhmadna
1470,10011519046,1004,hamlet,0,فج تربح,fj trbh
1471,10011519047,1003,village,0,عين قصيبة,ain qsiba
1472,10017533908,1003,village,0,بئر السلايمية,bir alslaimia
1473,10018736448,1004,hamlet,0,بئر الحاج مرزوق,bir alhaj mrzouq
1474,10018736452,1003,village,0,الأعشاش,alaachach
1475,10018736472,1003,village,0,الغطاطسة,alghtatsa
1476,10018736489,1003,village,0,وادي حمودة,ouadi hmouda
1477,10018736494,1003,village,0,أولاد عرجون,aoulad arjoun
1478,10021286061,1003,village,0,العشابة,alachaba
1479,10021286069,1003,village,0,الطواهرة,altouahra
1480,10021286089,1003,village,0,أولاد بالليل,aoulad ballil
1481,10021286328,1004,hamlet,0,أولاد الميساوي,aoulad almisaoui
1482,10021470577,1003,village,0,الحسينات,alhsinat
1483,10024584136,1003,village,0,المنصورة,almnsoura
1484,10024584141,1003,village,0,اولاد جاء بالله,aoulad ja ballh
1485,10027030456,1050,locality,0,Merih,Merih
1486,10029607938,1003,village,0,عميرة التوازرة,amira altouazra
1487,10118270159,1003,village,0,السواهلية,alsouahlia
1488,10118270171,1003,village,0,أولاد عبد الله,aoulad abd allh
1489,10118270176,1003,village,0,المليشات,almlichat
1490,10168309794,1010,suburb,0,حي الزيتونة,hi alzitouna
1491,10168309795,1010,suburb,0,حي المعارف,hi almaarf
1492,10168309796,1010,suburb,0,البستان,albstan
1493,10168309797,1010,suburb,0,حي بورقيبة,hi bourqiba
1494,10173262940,1010,suburb,0,الحي الجديد قرمدة,alhi aljdid qrmda
1495,10173277351,1010,suburb,0,مركز كمون,mrkz kmoun
1496,10175133812,1010,suburb,0,مركز السلامي,mrkz alslami
1497,10175133814,1010,suburb,0,عين شيخ روحه,ain chikh rouhh
1498,10245122514,1050,locality,0,Macheni,Macheni
1499,10245122515,1050,locality,0,Skala Gueblia,Skala Gueblia
1500,10245122516,1050,locality,0,Marsa Ouled Ezzedine,Marsa Ouled Ezzedine
1501,10245182492,1050,locality,0,Marsa Ouled Yaneg,Marsa Ouled Yaneg
1502,10245182493,1050,locality,0,Marsa Ouled Kacem,Marsa Ouled Kacem
1503,10245182494,1050,locality,0,Marsa Ouled Bouali,Marsa Ouled Bouali
1504,10245182495,1050,locality,0,Sidi Gaaben,Sidi Gaaben
1505,10245182497,1050,locality,0,Marsa El Abbassya,Marsa El Abbassya
1506,10245182498,1050,locality,0,Marsa El Ataya,Marsa El Ataya
1507,10245182499,1050,locality,0,Marsa Fom El Oued,Marsa Fom El Oued
1508,10245182500,1050,locality,0,Marsa Bounouma,Marsa Bounouma
1509,10245202162,1050,locality,0,Marsa El Branka,Marsa El Branka
1510,10564575529,1003,village,0,أولاد يوسف,aoulad iousf
1511,10588208128,1003,village,0,Sidi Ferjani,Sidi Ferjani
1512,10614777011,1010,suburb,0,حي التعويضي,hi altaouidi
1513,10621409585,1003,village,0,القرع,alqra
1514,10724772055,1020,island,0,Ferkik,Ferkik
1515,10725184506,1003,village,200,وادي رقة,ouadi rqa
1516,10725184507,1003,village,300,الرحاحلة,alrhahla
1517,10739565994,1004,hamlet,0,Fesguiet es Souk فسقية,Fesguiet es Souk fsqia
1518,10750046171,1050,locality,0,Dar el Bey,Dar el Bey
1519,10820642734,1050,locality,0,Lalla Hadria,Lalla Hadria
1520,10820661160,1050,locality,0,El Okra,El Okra
1521,10820674793,1003,village,0,منزل حمزة الغربية,mnzl hmza alghrbia
1522,10820736953,1050,locality,0,برج الباب,brj albab
1523,10844854593,1004,hamlet,0,Adeloun,Adeloun
1524,10845343172,1050,locality,0,Sidi Youssef,Sidi Youssef
1525,10845346525,1050,locality,0,Sidi El Hechane,Sidi El Hechane
1526,10882938805,1003,village,0,بوسعادة,bousaada
1527,10882938808,1003,village,0,النقاشية,alnqachia
1528,10899048298,1003,village,0,بئر عمير,bir amir
1529,10899059789,1003,village,0,رأس الوادي,ras alouadi
1530,10911452269,1003,village,0,غدير الربايع,ghdir alrbaia
1531,10924345804,1003,village,0,الأجرد,alajrd
1532,10931447240,1003,village,0,قصر الحمام,qsr alhmam
1533,10931447242,1003,village,0,أولاد عيوني,aoulad aiouni
1534,10931447244,1003,village,0,فرش غريب,frch ghrib
1535,10935439687,1003,village,0,Beni Maaguel,Beni Maaguel
1536,10964801566,1050,locality,0,El Melah,El Melah
1537,10983035819,1003,village,0,Arkou,Arkou
1538,10990187578,1003,village,0,Tezdaine,Tezdaine
1539,10990187579,1003,village,0,El Haddada,El Haddada
1540,10993897112,1003,village,0,Chebebia,Chebebia
1541,11011313761,1004,hamlet,0,Henchir el Benia,Henchir el Benia
1542,11013507623,1004,hamlet,0,Cheguimi,Cheguimi
1543,11019885887,1004,hamlet,0,Ksar el Kharba,Ksar el Kharba
1544,11026544734,1004,hamlet,0,El Kherba,El Kherba
1545,11026607039,1004,hamlet,0,El Braouka,El Braouka
1546,11026607040,1004,hamlet,0,Beni Rechid,Beni Rechid
1547,11036360079,1004,hamlet,0,Bou Dhafeur,Bou Dhafeur
1548,11036399362,1004,hamlet,0,Beni Issa,Beni Issa
1549,11036413868,1003,village,0,Chemlali,Chemlali
1550,11042428345,1003,village,0,أم الفار,am alfar
1551,11043185275,1050,locality,0,Henchir El Gueddama,Henchir El Gueddama
1552,11047496963,1004,hamlet,0,برقوق,brqouq
1553,11052472277,1004,hamlet,0,,nan
1554,11053073314,1004,hamlet,0,,nan
1555,11053073320,1004,hamlet,0,Mechtat el Menair 1,Mechtat el Menair 1
1556,11053073321,1004,hamlet,0,Mechtat Ouled Youcef,Mechtat Ouled Youcef
1557,11056701898,1004,hamlet,0,,nan
1558,11056701899,1004,hamlet,0,,nan
1559,11056701900,1004,hamlet,0,,nan
1560,11056747558,1004,hamlet,0,,nan
1561,11056747559,1004,hamlet,0,,nan
1562,11056747560,1004,hamlet,0,,nan
1563,11056747561,1004,hamlet,0,,nan
1564,11056747562,1004,hamlet,0,,nan
1565,11056747563,1004,hamlet,0,,nan
1566,11056747571,1004,hamlet,0,,nan
1567,11056747572,1004,hamlet,0,,nan
1568,11056747573,1004,hamlet,0,Mechtat el Menair 2,Mechtat el Menair 2
1569,11056747574,1004,hamlet,0,,nan
1570,11056984732,1004,hamlet,0,,nan
1571,11056984733,1004,hamlet,0,,nan
1572,11056984734,1004,hamlet,0,,nan
1573,11057005334,1004,hamlet,0,Sidi Rabah,Sidi Rabah
1574,11057005338,1004,hamlet,0,,nan
1575,11057007210,1004,hamlet,0,مشتة دار بالعالم ⵎⵛⵜⴰⵜ ⴷⴰⵔ ⴱⵍⵄⴰⵍⵎ,mchta dar balaalm ⵎⵛⵜⴰⵜ ⴷⴰⵔ ⴱⵍⵄⴰⵍⵎ
1576,11057008920,1004,hamlet,0,,nan
1577,11057008921,1004,hamlet,0,,nan
1578,11062255004,1050,locality,0,Bir el Kerma,Bir el Kerma
1579,11062735681,1050,locality,0,Sidi Brahim,Sidi Brahim
1580,11069078663,1004,hamlet,0,,nan
1581,11069078671,1004,hamlet,0,,nan
1582,11069078672,1004,hamlet,0,,nan
1583,11069078673,1004,hamlet,0,,nan
1584,11069078674,1004,hamlet,0,,nan
1585,11069078675,1004,hamlet,0,,nan
1586,11069078677,1004,hamlet,0,,nan
1587,11069078683,1004,hamlet,0,,nan
1588,11069129892,1004,hamlet,0,,nan
1589,11069129893,1004,hamlet,0,,nan
1590,11069129894,1004,hamlet,0,,nan
1591,11144704130,1004,hamlet,0,قصر بحير,qsr bhir
1592,11155017338,1050,locality,0,Brega Sghira,Brega Sghira
1593,11160077183,1003,village,0,قصر ورجيجن,qsr ourjijn
1594,11160110851,1003,village,0,الدخيلة,aldkhila
1595,11164215628,1004,hamlet,0,قصر معاند,qsr maand
1596,11164298956,1003,village,0,مزاتة,mzata
1597,11179727011,1004,hamlet,0,بو منجل,bou mnjl
1598,11179727012,1020,island,0,Teghlissa,Teghlissa
1599,11180178614,1050,locality,0,Henchir Bourgou,Henchir Bourgou
1600,11180251348,1004,hamlet,0,Fadhloun,Fadhloun
1601,11180282351,1003,village,0,أولاد عمر,aoulad amr
1602,11187111220,1050,locality,0,Khoumet Meksem,Khoumet Meksem
1603,11187111221,1050,locality,0,Khoumet Makhdoum,Khoumet Makhdoum
1604,11187257919,1050,locality,0,Sidi Aissa سيدي عيسى,Sidi Aissa sidi aisa
1605,11206824688,1050,locality,0,Sidi Ali El Gharbi,Sidi Ali El Gharbi
1606,11206884797,1050,locality,0,Bir El Gasaa,Bir El Gasaa
1607,11215399479,1004,hamlet,0,Hafi Rassa,Hafi Rassa
1608,11228292293,1004,hamlet,0,Sidi el Hadj Mabrouk,Sidi el Hadj Mabrouk
1609,11229148555,1004,hamlet,0,El Hassian,El Hassian
1610,11229148626,1004,hamlet,0,El Kosba,El Kosba
1611,11230028572,1003,village,0,قصر الجؤامع,qsr aljؤama
1612,11233650619,1004,hamlet,0,Margane,Margane
1613,11233650620,1004,hamlet,0,Jaabira,Jaabira
1614,11233650621,1003,village,0,أورير,aourir
1615,11233688598,1004,hamlet,0,El Jlidat,El Jlidat
1616,11233688599,1004,hamlet,0,Tajdit,Tajdit
1617,11233689762,1004,hamlet,0,Bahbah,Bahbah
1618,11233689763,1003,village,0,القايد,alqaid
1619,11256424282,1003,village,0,غرداية,ghrdaia
1620,11256425588,1004,hamlet,0,المحاميد,almhamid
1621,11256425593,1004,hamlet,0,Tala,Tala
1622,11256427632,1004,hamlet,0,Talbet,Talbet
1623,11256435282,1003,village,0,تيواجن,tiouajn
1624,11256450278,1003,village,0,Khnensa,Khnensa
1625,11294016802,1050,locality,0,Bir Nasser,Bir Nasser
1626,11342676210,1004,hamlet,0,Sidi Mohamed el Touati,Sidi Mohamed el Touati
1627,11360894975,1003,village,0,Sidi Mansour,Sidi Mansour
1628,11371088997,1003,village,0,السعيدة,alsaida
1629,11374606949,1050,locality,0,Rahet bel Khecheb,Rahet bel Khecheb
1630,11374714334,1050,locality,0,Henchir Ragouba,Henchir Ragouba
1631,11374864038,1004,hamlet,0,Beguia,Beguia
1632,11380847916,1050,locality,0,Sidi Bou Ali (Kobba),Sidi Bou Ali (Kobba)
1633,11448954292,1004,hamlet,0,Ksar Chouline,Ksar Chouline
1634,11454128429,1050,locality,0,ruines,ruines
1635,11454128430,1050,locality,0,ruines,ruines
1636,11454149475,1050,locality,0,Bir el Kerma ruines,Bir el Kerma ruines
1637,11455001145,1004,hamlet,0,العرقوب,alarqoub
1638,11455122038,1050,locality,0,Bir Miteur,Bir Miteur
1639,11461735476,1050,locality,0,Beni Ghedir,Beni Ghedir
1640,11462188880,1050,locality,0,ruines,ruines
1641,11462197147,1050,locality,0,ruines,ruines
1642,11464761388,1050,locality,0,Kherbet el Moudjahadine,Kherbet el Moudjahadine
1643,11469537990,1050,locality,0,ruines,ruines
1644,11493025894,1003,village,0,قصر أولاد سلطان,qsr aoulad sltan
1645,11493025904,1004,hamlet,0,Tazeghdent,Tazeghdent
1646,11495762803,1050,locality,0,maisons souterraines,maisons souterraines
1647,11495869191,1050,locality,0,Sidi Chiha,Sidi Chiha
1648,11495869193,1050,locality,0,ruines (maisons souterraines),ruines (maisons souterraines)
1649,11497694718,1050,locality,0,maisons souterraines,maisons souterraines
1650,11498934614,1004,hamlet,0,Ben Khezet,Ben Khezet
1651,11500965296,1050,locality,0,Salem Bou Adjiba,Salem Bou Adjiba
1652,11501252740,1050,locality,0,Sidi Bou Tsabet,Sidi Bou Tsabet
1653,11503753822,1004,hamlet,0,Sidi Ahmed Ben Mohammed,Sidi Ahmed Ben Mohammed
1654,11522289870,1004,hamlet,0,حاف أولاد حامد,haf aoulad hamd
1655,11524754440,1004,hamlet,0,Merbah,Merbah
1656,11524768117,1050,locality,0,Kasbah,Kasbah
1657,11525318199,1004,hamlet,0,طويل أولاد زايد,touil aoulad zaid
1658,11529261156,1050,locality,0,Ain Zareth,Ain Zareth
1659,11529429423,1050,locality,0,Bir Cheheba,Bir Cheheba
1660,11538701926,1050,locality,0,ruines,ruines
1661,11539356615,1050,locality,0,Oum ez Ziana,Oum ez Ziana
1662,11539356616,1004,hamlet,0,Sidi Said ben Salah,Sidi Said ben Salah
1663,11539366343,1050,locality,0,Taouerlane,Taouerlane
1664,11565059526,1050,locality,0,Zebessia,Zebessia
1665,11683399241,1004,hamlet,0,Bir el Hamlia,Bir el Hamlia
1666,11683577680,1050,locality,0,Ksar Oudje Gromrassen,Ksar Oudje Gromrassen
1667,11683829340,1050,locality,0,Henchir Medina,Henchir Medina
1668,11686380055,1050,locality,0,Henchir Azeiza,Henchir Azeiza
1669,11702067241,1003,village,0,Ben Ghazial,Ben Ghazial
1670,11707467811,1050,locality,0,Henchir Resfet el Kaouadji,Henchir Resfet el Kaouadji
1671,11729581074,1050,locality,0,ruines,ruines
1672,11729581662,1050,locality,0,ruines,ruines
1673,11736112212,1050,locality,0,Bir Kherachfa,Bir Kherachfa
1674,11736135977,1004,hamlet,0,Ksar Kherachfa,Ksar Kherachfa
1675,11742307366,1003,village,0,Ksar Remtha,Ksar Remtha
1676,11742696827,1050,locality,0,El Mourra,El Mourra
1677,11746105080,1004,hamlet,0,Missaoui,Missaoui
1678,11753002341,1050,locality,0,,nan
1679,11753118707,1050,locality,0,ruines,ruines
1680,11753118730,1050,locality,0,ruines,ruines
1681,11753144330,1050,locality,0,ruines,ruines
1682,11754533159,1004,hamlet,0,قصر أولاد ابراهيم,qsr aoulad abrahim
1683,11757131274,1050,locality,0,ruines,ruines
1684,11757199518,1050,locality,0,Hassi b. Zitoun,Hassi b. Zitoun
1685,11759685135,1003,village,0,الفرش,alfrch
1686,11765033161,1050,locality,0,El Hafsa (maisons souterraines),El Hafsa (maisons souterraines)
1687,11765131869,1050,locality,0,ruines (maisons souterraines),ruines (maisons souterraines)
1688,11766719507,1050,locality,0,maisons souterraines,maisons souterraines
1689,11772934595,1050,locality,0,ruines,ruines
1690,11780165926,1004,hamlet,0,Sidi Salem,Sidi Salem
1691,11784740419,1050,locality,0,maisons souterraines,maisons souterraines
1692,11789313809,1050,locality,0,maisons souterraines,maisons souterraines
1693,11794261527,1003,village,0,الزريبة,alzriba
1694,11794290346,1003,village,0,شعبة السماعة,chaba alsmaaa
1695,11794476909,1050,locality,0,maisons troglodytes,maisons troglodytes
1696,11794888194,1050,locality,0,ruines,ruines
1697,11812647175,1050,locality,0,Touil el Mragh,Touil el Mragh
1698,11820052133,1004,hamlet,0,Ksar Karrouz,Ksar Karrouz
1699,11820067517,1003,village,0,الغرياني,alghriani
1700,11824795414,1003,village,0,Menzelet Mogr,Menzelet Mogr
1701,11833229908,1004,hamlet,0,Tamazzout,Tamazzout
1702,11833946235,1004,hamlet,0,El Beniya,El Beniya
1703,11846029670,1050,locality,0,ruines,ruines
1704,11868135146,1003,village,0,قصر أولاد بوبكر,qsr aoulad boubkr
1705,11934192765,1004,hamlet,0,Taghazouissen,Taghazouissen
1706,11950999722,1003,village,0,تملال,tmlal
1707,11952658930,1003,village,0,Ksar Jraa,Ksar Jraa
1708,11965706860,1003,village,0,Abarda,Abarda
1709,11965713413,1004,hamlet,0,El Asaida,El Asaida
1710,11965733942,1003,village,0,مڨماڨ,mڨmaڨ
1711,11965742169,1003,village,0,Majin,Majin
1712,11965749225,1003,village,0,Ghandri,Ghandri
1713,11965750533,1003,village,0,El Marazig,El Marazig
1714,11966409227,1050,locality,0,ruines de maisons souterraines,ruines de maisons souterraines
1715,11979577406,1003,village,0,التوتة,altouta
1716,11982198992,1003,village,0,تيانست,tianst
1717,11983749556,1003,village,0,الفاهمين,alfahmin
1718,11984528289,1003,village,0,واد أمغار,ouad amghar
1719,11984545835,1003,village,0,الفوقانيين,alfouqaniin
1720,11984545836,1004,hamlet,0,بني ديغت,bni dight
1721,12148104399,1004,hamlet,0,سيدي جمور,sidi jmour
1722,12158706832,1050,locality,0,Henchir Bettes,Henchir Bettes
1723,12162663303,1050,locality,0,سيدي جمور,sidi jmour
1724,12170640622,1004,hamlet,0,El Asaida,El Asaida
1725,12170715856,1004,hamlet,0,Bou Hachem,Bou Hachem
1726,12170719195,1010,suburb,0,القنطرة,alqntra
1727,12171078121,1004,hamlet,0,حومة الخاوي,houma alkhaoui
1728,12171078159,1003,village,0,تافرطاست,tafrtast
1729,12187398586,1003,village,0,El Arbah,El Arbah
1730,12187492785,1004,hamlet,0,برا,bra
1731,12189397654,1004,hamlet,0,El Karraba,El Karraba
1732,12189733260,1010,suburb,0,بني باندو,bni bandou
1733,12190081839,1004,hamlet,0,خبنة الطمامة,khbna altmama
1734,12198029657,1004,hamlet,0,El Souatir (Eddhira),El Souatir (Eddhira)
1735,12199054323,1050,locality,0,Henchir Ben Merdes,Henchir Ben Merdes
1736,12202914812,1003,village,0,Benian,Benian
1737,12202921351,1004,hamlet,0,الشهود,alchhoud
1738,12207902692,1004,hamlet,0,Tiniza,Tiniza
1739,12207902693,1003,village,0,Segalla,Segalla
1740,12229092546,1004,hamlet,0,تغديمس,tghdims
1741,12229106391,1003,village,0,Tahrizit,Tahrizit
1742,12230629412,1003,village,0,Ouchachna,Ouchachna
1743,12231455400,1004,hamlet,0,Beni Baous,Beni Baous
1744,12231507427,1004,hamlet,0,Temlel el Melh,Temlel el Melh
1745,12232008022,1003,village,0,عين زكار,ain zkar
1746,12247648836,1003,village,0,وادي الخيل,ouadi alkhil
1747,12270083735,1004,hamlet,0,El Mahrab,El Mahrab
1748,12293313489,1003,village,0,المقارسة,almqarsa
1749,12294038471,1004,hamlet,0,Tifrouin,Tifrouin
1750,12294172134,1003,village,0,Essaigh,Essaigh
1751,12296216958,1004,hamlet,0,El Henchir,El Henchir
1752,12296413638,1004,hamlet,0,Maghraoua,Maghraoua
1753,12297649573,1004,hamlet,0,Aourassen,Aourassen
1754,12298714536,1004,hamlet,0,El Bellaz,El Bellaz
1755,12299565803,1004,hamlet,0,El Chergeyin,El Chergeyin
1756,12322933959,1003,village,0,Zian,Zian
1757,12342334644,1004,hamlet,0,تالوين,talouin
1758,12345241893,1004,hamlet,0,بني يلداسن,bni ildasn
1759,12497591683,1003,village,0,هنشير الماجل,hnchir almajl
1760,12502510489,1003,village,0,جبل الريحان,jbl alrihan
1761,12509909768,1050,locality,0,ساطور عمارة satour amara,satour amara satour amara
1762,12509959066,1050,locality,0,سبالة ظريفة sabalet dhrayfa,sbala zrifa sabalet dhrayfa
1763,12509960843,1050,locality,0,رأس العيثة ras al itha,ras alaitha ras al itha
1764,12509962803,1050,locality,0,سبالة بالنوة sabalet ben nawa,sbala balnoua sabalet ben nawa
1765,12516717445,1050,locality,0,الفراحتية al frahtia,alfrahtia al frahtia
1766,12563665860,1003,village,0,البلوكات al blouket,albloukat al blouket
1767,12563671548,1050,locality,0,بير الڨصر bir al gasr,bir alڨsr bir al gasr
1768,12563677142,1003,village,0,العالية al âlia,alaalia al âlia
1769,12563693811,1003,village,0,الصدارة al sdara,alsdara al sdara
1770,12582905960,1050,locality,0,الشيح,alchih
1771,12582920997,1050,locality,0,راس الكاف,ras alkaf
1772,12635329133,1003,village,0,رحال,rhal
1773,12732166877,1004,hamlet,0,Troguet,Troguet
1774,12751558998,1004,hamlet,0,العلامات,alalamat
1775,12764556494,1003,village,0,El Dhahira,El Dhahira
1776,12764581648,1004,hamlet,0,El Maamoura,El Maamoura
1777,12764581668,1003,village,0,تاقرماس,taqrmas
1778,12768817579,1050,locality,0,Ogla,Ogla
1779,12778469928,1050,locality,0,Cheikh Yahya,Cheikh Yahya
1780,12784817430,1004,hamlet,0,Adhroum,Adhroum
1781,12793805566,1003,village,0,el filej awled benjeh,el filej awled benjeh
1782,12798087645,1004,hamlet,0,Ouled Ali Boulimen,Ouled Ali Boulimen
1783,12889610876,1050,locality,0,قصر بحير,qsr bhir
1784,12913570990,1004,hamlet,0,Bou Sebah,Bou Sebah
1785,12925453903,1010,suburb,0,فرانسفيل,fransfil
1786,12944036649,1050,locality,0,ruines,ruines
1787,12988396260,1004,hamlet,0,واد قلات,ouad qlat
1788,13038517566,1050,locality,0,ruines (maisons souterraines),ruines (maisons souterraines)
1789,13127520548,1050,locality,0,maisons souterraines,maisons souterraines
1790,13132213768,1050,locality,0,Ain Charchara,Ain Charchara
1791,13155689075,1004,hamlet,0,Errighayin,Errighayin
1792,13159027208,1004,hamlet,0,Temlel el Hlou,Temlel el Hlou
1793,13161836592,1004,hamlet,0,Grenoble,Grenoble
1794,13161836597,1004,hamlet,0,الحوامدية,alhouamdia
1795,13161836598,1004,hamlet,0,السْلايمية,alsْlaimia
1796,13227854380,1004,hamlet,0,,nan
1797,13227854381,1004,hamlet,0,,nan
1798,13235749767,1004,hamlet,0,Bou Chwouat,Bou Chwouat
1799,13245076806,1050,locality,0,Sidi Efganisi,Sidi Efganisi
1800,13387964421,1004,hamlet,0,Tifjan,Tifjan
1801,13387964422,1004,hamlet,0,Tajmout,Tajmout
1802,13523269835,1050,locality,0,Jallab,Jallab
1803,13730191446,1004,hamlet,0,Beni Merzouisen,Beni Merzouisen
1804,13751653571,1010,suburb,0,El Jouamaa,El Jouamaa
