annee,delegation,superficie_publique_irriguable_ha,superficie_privee_irriguable_ha,total_5,superficie_publique_irriguee_ha,superficie_privee_irriguee_ha,total_8,superficie_publique_exploitee_ha,superficie_privee_exploitee_ha,total_11,taux_dexploitation_publique_percent,taux_dexploitation_prive_percent,total_14,taux_dintensification_publique_percent,taux_dintensification_prive_percent,total_17,region_id,matched_region_ar,matched_region_fr
2020,بنزرت الشمالية,0,50,50,0,45,45,0,45,45,0,90,90,0,90,90,NA,NA,NA
2020,بنزرت الجنوبية,854,183,1037,550,100,650,550,100,650,64.40281030444966,54.644808743169406,62.6808100289296,64.40281030444966,54.644808743169406,62.6808100289296,NA,NA,NA
2020,جرزونة,0,0,0,0,0,0,0,0,0,0,0,0,0,0,0,692,جرزونة,jrzouna
2020,منزل جميل,726,276,1002,600,300,900,500,270,770,68.87052341597796,97.82608695652173,76.84630738522954,82.64462809917356,108.69565217391303,89.82035928143712,1134,منزل جميل,mnzl jmil
2020,منزل بورقيبة,109,218,327,30,200,230,20,200,220,18.34862385321101,91.74311926605505,67.2782874617737,27.522935779816514,91.74311926605505,70.33639143730886,32,منزل بورقيبة,mnzl bourqiba
2020,تينجة,0,114,114,0,110,110,0,100,100,0,87.71929824561403,87.71929824561403,0,96.49122807017544,96.49122807017544,201,تينجة,tinja
2020,ماطر,2374,189,2563,1600,150,1750,1600,140,1740,67.39679865206402,74.07407407407408,67.88919235271167,67.39679865206402,79.36507936507937,68.27936012485368,52,ماطر,matr
2020,غزالة,2539,237,2776,2200,250,2450,2200,250,2450,86.6482867270579,105.48523206751055,88.25648414985591,86.6482867270579,105.48523206751055,88.25648414985591,386,غزالة,ghzala
2020,جومين,76,304,380,40,300,340,20,250,270,25,82.23684210526315,71.05263157894737,52.63157894736842,98.68421052631578,89.47368421052632,413,جومين,joumin
2020,سجنان,3700,150,3850,1100,170,1270,1100,130,1230,29.72972972972973,86.66666666666667,31.948051948051948,29.72972972972973,113.33333333333333,32.98701298701299,406,سجنان,sjnan
2020,العالية,1550,474,2024,1750,600,2350,900,500,1400,58.06451612903226,105.48523206751055,69.1699604743083,112.90322580645163,126.58227848101266,116.10671936758894,496,العالية,alaalia
2020,رأس الجبل,2190,281,2471,2200,350,2550,1700,270,1970,77.6255707762557,96.08540925266904,79.72480777013355,100.4566210045662,124.55516014234875,103.19708619991906,113,رأس الجبل,ras aljbl
2020,غار الملح,2116,1335,3451,1800,1700,3500,1500,1335,2835,70.88846880907373,100,82.1501014198783,85.06616257088847,127.34082397003745,101.41987829614605,114,غار الملح,ghar almlh
2020,أوتيك,4685,1044,5729,4900,1250,6150,3800,1044,4844,81.10992529348987,100,84.55227788444755,104.58911419423693,119.73180076628354,107.34857741316111,NA,NA,NA
2020,كامل الولاية,20919,4855,25774,16770,5525,22295,13890,4634,18524,66.39896744586261,95.44799176107107,71.87087762861799,80.16635594435681,113.80020597322348,86.50190114068441,NA,NA,NA
2021,بنزرت الشمالية,0,50,50,0,45,45,0,45,45,0,90,90,0,90,90,NA,NA,NA
2021,بنزرت الجنوبية,854,183,1037,550,100,650,550,100,650,64.40281030444966,54.644808743169406,62.6808100289296,64.40281030444966,54.644808743169406,62.6808100289296,NA,NA,NA
2021,جرزونة,0,0,0,0,0,0,0,0,0,0,0,0,0,0,0,692,جرزونة,jrzouna
2021,منزل جميل,726,276,1002,600,300,900,500,270,770,68.87052341597796,97.82608695652173,76.84630738522954,82.64462809917356,108.69565217391303,89.82035928143712,1134,منزل جميل,mnzl jmil
2021,منزل بورقيبة,109,218,327,30,200,230,20,200,220,18.34862385321101,91.74311926605505,67.2782874617737,27.522935779816514,91.74311926605505,70.33639143730886,32,منزل بورقيبة,mnzl bourqiba
2021,تينجة,0,114,114,0,110,110,0,100,100,0,87.71929824561403,87.71929824561403,0,96.49122807017544,96.49122807017544,201,تينجة,tinja
2021,ماطر,2374,189,2563,1700,150,1850,1700,140,1840,71.60909856781802,74.07407407407408,71.79087007413187,71.60909856781802,79.36507936507937,72.1810378462739,52,ماطر,matr
2021,غزالة,2539,237,2776,2300,250,2550,2300,250,2550,90.58684521465143,105.48523206751055,91.85878962536023,90.58684521465143,105.48523206751055,91.85878962536023,386,غزالة,ghzala
2021,جومين,76,304,380,40,300,340,20,250,270,25,82.23684210526315,71.05263157894737,52.63157894736842,98.68421052631578,89.47368421052632,413,جومين,joumin
2021,سجنان,3700,150,3850,1300,170,1470,1300,130,1430,35.13513513513514,86.66666666666667,37.142857142857146,35.13513513513514,113.33333333333333,38.18181818181819,406,سجنان,sjnan
2021,العالية,1550,474,2024,1350,600,1950,800,500,1300,51.61290322580645,105.48523206751055,64.2292490118577,87.09677419354838,126.58227848101266,96.34387351778656,496,العالية,alaalia
2021,رأس الجبل,2190,281,2471,2000,350,2350,1400,270,1670,63.926940639269404,96.08540925266904,67.58397409955484,91.32420091324201,124.55516014234875,95.10319708619991,113,رأس الجبل,ras aljbl
2021,غار الملح,2116,1335,3451,1800,1700,3500,1500,1335,2835,70.88846880907373,100,82.1501014198783,85.06616257088847,127.34082397003745,101.41987829614605,114,غار الملح,ghar almlh
2021,أوتيك,4685,1044,5729,4200,1250,5450,3000,1044,4044,64.03415154749199,100,70.58823529411765,89.64781216648879,119.73180076628354,95.13004014662245,NA,NA,NA
2021,كامل الولاية,20919,4855,25774,15870,5525,21395,13090,4634,17724,62.57469286294756,95.44799176107107,68.76697447039652,75.86404703857737,113.80020597322348,83.01001008768526,NA,NA,NA
2022,بنزرت الشمالية,0,50,50,0,45,45,0,45,45,0,90,90,0,90,90,NA,NA,NA
2022,بنزرت الجنوبية,854,183,1037,450,100,550,450,100,550,52.69320843091335,54.644808743169406,53.03760848601736,52.69320843091335,54.644808743169406,53.03760848601736,NA,NA,NA
2022,جرزونة,0,0,0,0,0,0,0,0,0,0,0,0,0,0,0,692,جرزونة,jrzouna
2022,منزل جميل,726,276,1002,625,300,925,545,270,815,75.06887052341598,97.82608695652173,81.3373253493014,86.08815426997245,108.69565217391303,92.31536926147704,1134,منزل جميل,mnzl jmil
2022,منزل بورقيبة,109,218,327,35,200,235,35,200,235,32.11009174311927,91.74311926605505,71.86544342507645,32.11009174311927,91.74311926605505,71.86544342507645,32,منزل بورقيبة,mnzl bourqiba
2022,تينجة,0,114,114,0,110,110,0,100,100,0,87.71929824561403,87.71929824561403,0,96.49122807017544,96.49122807017544,201,تينجة,tinja
2022,ماطر,2374,189,2563,1300,150,1450,1300,140,1440,54.759898904802014,74.07407407407408,56.184159188451034,54.759898904802014,79.36507936507937,56.574326960593055,52,ماطر,matr
2022,غزالة,2539,237,2776,1750,250,2000,1750,250,2000,68.92477353288696,105.48523206751055,72.04610951008645,68.92477353288696,105.48523206751055,72.04610951008645,386,غزالة,ghzala
2022,جومين,76,304,380,10,300,310,5,250,255,25,82.23684210526315,67.10526315789474,13.157894736842104,98.68421052631578,81.57894736842105,413,جومين,joumin
2022,سجنان,3700,150,3850,1100,170,1270,1100,130,1230,29.72972972972973,86.66666666666667,31.948051948051948,29.72972972972973,113.33333333333333,32.98701298701299,406,سجنان,sjnan
2022,العالية,1550,474,2024,800,600,1400,800,500,1300,51.61290322580645,105.48523206751055,64.2292490118577,51.61290322580645,126.58227848101266,69.1699604743083,496,العالية,alaalia
2022,رأس الجبل,2190,281,2471,1200,350,1550,1200,270,1470,54.794520547945204,96.08540925266904,59.490084985835686,54.794520547945204,124.55516014234875,62.727640631323354,113,رأس الجبل,ras aljbl
2022,غار الملح,2116,1335,3451,1300,1400,2700,1300,1335,2635,61.43667296786389,100,76.35467980295566,61.43667296786389,104.8689138576779,78.23819182845551,114,غار الملح,ghar almlh
2022,أوتيك,4685,1044,5729,2750,1250,4000,2750,1044,3794,58.69797225186766,100,66.22447198463955,58.69797225186766,119.73180076628354,69.82021295164951,NA,NA,NA
2022,كامل الولاية,20919,4855,25774,11320,5225,16545,11235,4634,15869,53.707156173813274,95.44799176107107,61.56979902227051,54.113485348248005,107.62100926879505,64.19259719096763,NA,NA,NA
2023,بنزرت الشمالية,0,50,50,0,45,45,0,45,45,0,90,90,0,90,90,NA,NA,NA
2023,بنزرت الجنوبية,854,183,1037,350,100,450,350,100,450,40.98360655737705,54.644808743169406,43.39440694310511,40.98360655737705,54.644808743169406,43.39440694310511,NA,NA,NA
2023,جرزونة,0,0,0,0,0,0,0,0,0,0,0,0,0,0,0,692,جرزونة,jrzouna
2023,منزل جميل,726,276,1002,675,300,975,422,270,692,58.1267217630854,97.82608695652173,69.061876247505,92.97520661157024,108.69565217391303,97.30538922155688,1134,منزل جميل,mnzl jmil
2023,منزل بورقيبة,109,218,327,35,200,235,35,200,235,32.11009174311927,91.74311926605505,71.86544342507645,32.11009174311927,91.74311926605505,71.86544342507645,32,منزل بورقيبة,mnzl bourqiba
2023,تينجة,0,114,114,0,110,110,0,100,100,0,87.71929824561403,87.71929824561403,0,96.49122807017544,96.49122807017544,201,تينجة,tinja
2023,ماطر,2374,189,2563,1100,150,1250,1100,140,1240,46.33529907329402,74.07407407407408,48.38080374561061,46.33529907329402,79.36507936507937,48.770971517752635,52,ماطر,matr
2023,غزالة,2539,237,2776,1250,250,1500,1250,250,1500,49.231981094919256,105.48523206751055,54.03458213256484,49.231981094919256,105.48523206751055,54.03458213256484,386,غزالة,ghzala
2023,جومين,76,304,380,10,300,310,5,250,255,25,82.23684210526315,67.10526315789474,13.157894736842104,98.68421052631578,81.57894736842105,413,جومين,joumin
2023,سجنان,3700,150,3850,1200,170,1370,1200,130,1330,32.432432432432435,86.66666666666667,34.54545454545455,32.432432432432435,113.33333333333333,35.58441558441559,406,سجنان,sjnan
2023,العالية,1550,474,2024,900,600,1500,560,500,1060,36.12903225806451,105.48523206751055,52.37154150197628,58.06451612903226,126.58227848101266,74.1106719367589,496,العالية,alaalia
2023,رأس الجبل,2190,281,2471,1000,350,1350,1000,270,1270,45.662100456621005,96.08540925266904,51.39619587211656,45.662100456621005,124.55516014234875,54.63375151760421,113,رأس الجبل,ras aljbl
2023,غار الملح,2116,1335,3451,1450,1400,2850,1200,1335,2535,56.71077504725898,100,73.45696899449436,68.52551984877127,104.8689138576779,82.5847580411475,114,غار الملح,ghar almlh
2023,أوتيك,4685,1044,5729,2450,1250,3700,2450,1044,3494,52.294557097118464,100,60.987956013265844,52.294557097118464,119.73180076628354,64.58369698027579,NA,NA,NA
2023,كامل الولاية,20919,4855,25774,10420,5225,15645,9572,4634,14206,45.75744538457861,95.44799176107107,55.11756033211764,49.81117644246857,107.62100926879505,60.700706137968496,NA,NA,NA
2024,بنزرت الشمالية,0,50,50,0,45,45,0,45,45,0,90,90,0,90,90,NA,NA,NA
2024,بنزرت الجنوبية,854,183,1037,650,100,750,650,100,750,76.11241217798595,54.644808743169406,72.32401157184185,76.11241217798595,54.644808743169406,72.32401157184185,NA,NA,NA
2024,جرزونة,0,0,0,0,0,0,0,0,0,0,0,0,0,0,0,692,جرزونة,jrzouna
2024,منزل جميل,726,276,1002,675,300,975,450,270,720,61.98347107438017,97.82608695652173,71.8562874251497,92.97520661157024,108.69565217391303,97.30538922155688,1134,منزل جميل,mnzl jmil
2024,منزل بورقيبة,109,218,327,35,200,235,35,200,235,32.11009174311927,91.74311926605505,71.86544342507645,32.11009174311927,91.74311926605505,71.86544342507645,32,منزل بورقيبة,mnzl bourqiba
2024,تينجة,0,114,114,0,110,110,0,100,100,0,87.71929824561403,87.71929824561403,0,96.49122807017544,96.49122807017544,201,تينجة,tinja
2024,ماطر,2374,189,2563,1300,150,1450,1300,140,1440,54.759898904802014,74.07407407407408,56.184159188451034,54.759898904802014,79.36507936507937,56.574326960593055,52,ماطر,matr
2024,غزالة,2539,237,2776,1850,250,2100,1350,250,1600,53.1705395825128,105.48523206751055,57.636887608069166,72.86333202048051,105.48523206751055,75.64841498559078,386,غزالة,ghzala
2024,جومين,76,304,380,10,300,310,5,250,255,25,82.23684210526315,67.10526315789474,13.157894736842104,98.68421052631578,81.57894736842105,413,جومين,joumin
2024,سجنان,3700,150,3850,1100,170,1270,1100,130,1230,29.72972972972973,86.66666666666667,31.948051948051948,29.72972972972973,113.33333333333333,32.98701298701299,406,سجنان,sjnan
2024,العالية,1550,474,2024,1250,600,1850,850,500,1350,54.83870967741935,105.48523206751055,66.699604743083,80.64516129032258,126.58227848101266,91.40316205533597,496,العالية,alaalia
2024,رأس الجبل,2190,281,2471,1100,350,1450,900,270,1170,41.0958904109589,96.08540925266904,47.34925131525698,50.2283105022831,124.55516014234875,58.68069607446378,113,رأس الجبل,ras aljbl
2024,غار الملح,2116,1335,3451,1750,1400,3150,1300,1335,2635,61.43667296786389,100,76.35467980295566,82.70321361058602,104.8689138576779,91.27789046653145,114,غار الملح,ghar almlh
2024,أوتيك,4685,1044,5729,2450,1250,3700,2850,1044,3894,60.8324439701174,100,67.9699773084308,52.294557097118464,119.73180076628354,64.58369698027579,NA,NA,NA
2024,كامل الولاية,20919,4855,25774,12170,5225,17395,10790,4634,15424,51.579903437066775,95.44799176107107,59.84325289050981,58.176777092595245,107.62100926879505,67.49049429657795,NA,NA,NA
