campagne_agricole,gouvernorat,perimetre_irrigue,station_depuration,capacite_de_traitement_actuelle_de_la_step_m3_jour,capacite_de_traitement_potentielle_de_la_step_m3_jour,date_de_mise_en_eau,superficie_amenagee_ha,perimetre_exploite_ha,superficie_irriguee_ha,taux_dintencification_percent,volume_des_eut_distribue_m3_an,region_id,matched_region_ar,matched_region_fr
2021/2022,ARIANA,Soukra,Charguia,40000,43000,1962,409,409,134,0.32762836185819072,442372,21,أريانة,ariana
2021/2022,ARIANA,Borj Touil,"Chotrana I et II, Cotière Nord et Charguia",116000,NA,1989,3145,3145,179,5.6915739268680446E-2,751925,21,أريانة,ariana
2021/2022,BIZERTE,Sidi Ahmed,Sidi Ahmed,NA,NA,NA,174,NF,NF,NA,NA,15,بنزرت,bizerte
2021/2022,NABEUL,Souhil,SE3 et SE4,4500,7000,1982,280,280,311,0.55734767025089604,2250130,11,نابل,nabeul
2021/2022,NABEUL,Haouariet Nabeul,SE3 et SE4,18000,25000,2003,83,83,NA,NA,NA,11,نابل,nabeul
2021/2022,NABEUL,Bir romena,SE4,NA,NA,2002,50,50,NA,NA,NA,11,نابل,nabeul
2021/2022,NABEUL,Messaadi,SE4,NA,NA,1982,70,70,NA,NA,NA,11,نابل,nabeul
2021/2022,NABEUL,"Charki    
( Bni Khiar)",SE4,NA,NA,2002,75,75,NA,NA,NA,11,نابل,nabeul
2021/2022,NABEUL,Kélibia,Kélibia,7500,7500,2002,45,45,33,0.73333333333333328,143000,11,نابل,nabeul
2021/2022,ZAGHOUAN,Sidi Mrayeh,Zaghouan,2500,3000,2014,65,65,41,0.63076923076923075,37412,318,زغوان,zghouan
2021/2022,ZAGHOUAN,El Khdhirat,El Fahs,1500,1700,NA,60,60,38.5,0.64166666666666672,16000,318,زغوان,zghouan
2021/2022,BEJA,Bouteffaha,Bèja Sud,NA,NA,NA,354,NF,NF,NA,NA,NA,NA,NA
2021/2022,BEJA,Medjez Elbeb,Medjez Elbeb,NA,NA,NA,100,NF,NF,NA,NA,NA,NA,NA
2021/2022,KEF,Semmana,Kef,NA,NA,NA,180,NF,NF,NA,NA,NA,NA,NA
2021/2022,SILIANA,Mediouna,Mediouna,3334,3655,2006,87.2,87.2,87.2,1,38300,770,سليانة,sliana
2021/2022,SOUSSE,Zaouiet Sousse,Sousse Sud,10000,17800,1987,257,257,257,1,658480,12,سوسة,sousse
2021/2022,SOUSSE,Msaken,Msaken,10000,7850,2003,185,185,185,1,249900,12,سوسة,sousse
2021/2022,MONASTIR,Ouardanine,Ouardanine,1000,1000,1997,50,50,70,1.4,280000,20,المنستير,monastir
2021/2022,MONASTIR,"Sayada,Lamta,Bouhjar","Sayada,Lamta,
Bouhjar",NA,NA,NA,50,NF,NF,NA,NA,20,المنستير,monastir
2021/2022,MONASTIR,Beni Hassen,Beni Hassen,NA,NA,2022,14,NF,NF,NA,NA,20,المنستير,monastir
2021/2022,Mahdia,Dkhila,Vitalait,NA,NA,NA,36,36,36,1,95000,35,المهدية,almhdia
2021/2022,KAIROUAN,Dhraa Tammar,Kairouan,15000,20000,1983,380,380,150,0.39473684210526316,926784,13,القيروان,kairouan
2021/2022,KASSERINE,Oued essid,Kasserine,4300,15000,1998,131,131,131,1,267624,18,القصرين,kasserine
2021/2022,KASSERINE,Sbitla,Sbitla,NA,NA,2009,80,NF,NF,NA,NA,18,القصرين,kasserine
2021/2022,SFAX,El hajeb,Sfax Sud,40400,49500,1987,452,452,180,0.39823008849557523,1809596,10,صفاقس,sfax
2021/2022,SFAX,El hancha,El hencha,700,-,2009,60,60,2,3.3333333333333333E-2,6000,10,صفاقس,sfax
2021/2022,GAFSA,Aguila,Aguila,10000,14000,1994,117,117,137,1.170940170940171,1518048,16,قفصة,gafsa
2021/2022,GABES,El Hamma,El Hamma,5000,4060,2006,100,100,100,1,314496,14,قابس,gabès
2021/2022,GABES,Dissa,Gabes,15000,17270,2009,300,300,160,0.53333333333333333,978480,14,قابس,gabès
2021/2022,MEDNINE,Ouljet El Khodr,Ouljet El Khodr,NA,NA,2004,30,NF,NF,NA,NA,26,مدنين,mdnin
2021/2022,MEDNINE,Telbet,Djerba,12000,15570,2005,53.08,53.08,53.08,1,15000,26,مدنين,mdnin
2021/2022,MEDNINE,Maghzel,Djerba,NA,NA,2005,61.12,61.12,61.12,1,NA,26,مدنين,mdnin
2021/2022,TATAOUINE,El Bhira,Tataouine,7950,8500,2017,60,60,17,0.28333333333333333,38900,5,تطاوين,tataouine
2021/2022,Total,NA,NA,324684,261405,NA,7593.4,6611.4,2362.8999999999996,0.31117812837464109,10837447,NA,NA,NA
2022/2023,ARIANA,Soukra,Charguia,40000,43000,1962,409,409,124,0.30317848410757947,641545,21,أريانة,ariana
2022/2023,ARIANA,Borj Touil,"Chotrana I et II, Cotière Nord et Charguia",116000,NA,1989,3145,3145,120,3.8155802861685212E-2,751925,21,أريانة,ariana
2022/2023,BIZERTE,"S, Ahmed",Sidi Ahmed,NA,NA,NA,174,0,NA,N.F,NA,15,بنزرت,bizerte
2022/2023,NABEUL,Souhil,SE3 et SE4,4500,7000,1982,280,363,155,0.5535714285714286,400000,11,نابل,nabeul
2022/2023,NABEUL,Haouariet Nabeul,NA,18000,25000,2003,83,NA,20,0.24096385542168675,NA,11,نابل,nabeul
2022/2023,NABEUL,Bir romena,SE4,18000,25000,2002,50,195,48,0.96,150000,11,نابل,nabeul
2022/2023,NABEUL,Messaadi,NA,NA,NA,1982,70,NA,10,0.14285714285714285,NA,11,نابل,nabeul
2022/2023,NABEUL,Charki    ( Bni Khiar),NA,NA,NA,2002,75,NA,45,0.6,NA,11,نابل,nabeul
2022/2023,NABEUL,Kélibia,Kélibia,7500,7500,2002,45,45,33,0.73333333333333328,165000,11,نابل,nabeul
2022/2023,ZAGHOUAN,Sidi Mrayeh,Zaghouan,2500,3000,2014,60,60,60,1,40000,318,زغوان,zghouan
2022/2023,ZAGHOUAN,Elfahs,Elfahs,NA,NA,2016,60,60,"N,F",NA,NA,318,زغوان,zghouan
2022/2023,BEJA,"B,sud",Bouteffaha,NA,NA,NA,354,0,NA,NA,NA,NA,NA,NA
2022/2023,BEJA,"Medjez ,Elbeb","M,Elbeb",NA,NA,NA,100,NA,NA,NA,NA,NA,NA,NA
2022/2023,BEJA,Teboursouk,Teboursouk,NA,NA,2023,60,60,60,1,25000,NA,NA,NA
2022/2023,KEF,Semmana,Kef,NA,NA,NA,180,0,NA,NA,NA,NA,NA,NA
2022/2023,SILIANA,Mediouna,Mediouna,3334,3655,2006,87,87,76,0.87356321839080464,293060,770,سليانة,sliana
2022/2023,TOTAL  du NORD,NA,NA,NA,NA,NA,5232,4424,751,0.14353975535168195,2466530,NA,NA,NA
2022/2023,SOUSSE,Zaouiet Sousse,Sousse Sud,10000,17800,1987,257,257,257,1,658480,12,سوسة,sousse
2022/2023,SOUSSE,Msaken,M'SAKEN,10000,7850,2003,185,185,185,1,249000,12,سوسة,sousse
2022/2023,SOUSSE,Sousse Sud,Ksiba,NA,NA,2022,200,200,200,1,129980,12,سوسة,sousse
2022/2023,MONASTIR,Ouardanine,Ouardanine,1000,1000,1997,50,50,70,1.4,280000,20,المنستير,monastir
2022/2023,MONASTIR,"S,L,Bouhjar",Sayada Lamta Bouhjar,NA,NA,NA,50,0,NF,NA,NA,20,المنستير,monastir
2022/2023,MONASTIR,Bni Hassen,Bni Hassen,NA,NA,2022,14,14,10,0.7142857142857143,2500,20,المنستير,monastir
2022/2023,MAHDIA,Vitalait,Dkhila,NA,NA,2022,36,36,36,1,79550,35,المهدية,almhdia
2022/2023,KAIROUAN,Dhraa Tammar,Kairouan,15000,20000,1983,380,380,270,0.71052631578947367,1146182,13,القيروان,kairouan
2022/2023,KASSERINE,Oued essid,Kasserine,4300,15000,1998,131,131,131,1,267624,18,القصرين,kasserine
2022/2023,KASSERINE,Sbitla,Sbitla,NA,NA,2009,"N,F",NA,NA,NA,NA,18,القصرين,kasserine
2022/2023,Sidi Bouzid,Jelma,Jelma,NA,NA,2022,12,12,0,NA,NA,167,سيدي بوزيد,sidi bouzid
2022/2023,TOTAL  du CENTRE,NA,NA,NA,NA,NA,1315,1265,1159,0.88136882129277572,2813316,NA,NA,NA
2022/2023,SFAX,El hajeb,Sfax sud,40400,49500,1987,452,452,113,0.25,654000,10,صفاقس,sfax
2022/2023,SFAX,El hancha,El hancha,700,NA,2009,60,60,50,0.83333333333333337,40000,10,صفاقس,sfax
2022/2023,GAFSA,Aguila,Aguila,10000,14000,1994,117,117,137,1.170940170940171,1576800,16,قفصة,gafsa
2022/2023,GABES,El Hamma,El Hamma,5000,4060,2006,100,100,62,0.62,235872,14,قابس,gabès
2022/2023,GABES,Dissa,Gabes,15000,17270,2009,300,300,160,0.53333333333333333,1010800,14,قابس,gabès
2022/2023,MEDNINE,Ouljet El Khodr,Ouljet El Khodr,NA,NA,2004,30,NA,NA,"N,F",1246672,26,مدنين,mdnin
2022/2023,MEDNINE,Talbet,NA,12000,15570,2005,60,60,60,1,59634,26,مدنين,mdnin
2022/2023,MEDNINE,Maghzel,NA,NA,NA,2005,68,68,68,1,40208,26,مدنين,mdnin
2022/2023,TATAOUINE,Tataouine,Elbhira,7950,8500,2017,60,60,13.5,0.22500000000000001,45000,5,تطاوين,tataouine
2022/2023,TOTAL  du SUD,NA,NA,NA,NA,NA,1247,1217,663.5,0.53207698476343224,3662314,NA,NA,NA
2022/2023,TOTAL,NA,NA,NA,NA,NA,7794,6906,2573.5,0.37264697364610483,8942160,NA,NA,NA
2023/2024,ARIANA,Soukra,Charguia,40000,43000,1962,409,409,94,0.22982885085574573,476934,21,أريانة,ariana
2023/2024,ARIANA,Borj Touil,"Chotrana I et II, Cotière Nord et Charguia",116000,NA,1989,3145,3145,381,0.12114467408585056,2206000,21,أريانة,ariana
2023/2024,BIZERTE,"S, Ahmed",Sidi Ahmed,NA,NA,NA,174,0,NA,N.F,NA,15,بنزرت,bizerte
2023/2024,NABEUL,Souhil,SE3 et SE4,4500,7000,1982,280,280,158,0.56428571428571428,739300,11,نابل,nabeul
2023/2024,NABEUL,Haouariet Nabeul,NA,18000,25000,2003,83,83,14.5,0.1746987951807229,NA,11,نابل,nabeul
2023/2024,NABEUL,Bir romena,SE4,18000,25000,2002,50,50,48,0.96,398100,11,نابل,nabeul
2023/2024,NABEUL,Messaadi,NA,NA,NA,1982,70,70,9,0.12857142857142856,NA,11,نابل,nabeul
2023/2024,NABEUL,Charki    ( Bni Khiar),NA,NA,NA,2002,75,75,32,0.42666666666666669,NA,11,نابل,nabeul
2023/2024,NABEUL,Kélibia,Kélibia,7500,7500,2002,45,45,40,0.88888888888888884,200000,11,نابل,nabeul
2023/2024,ZAGHOUAN,Sidi Mrayeh,Zaghouan,2500,3000,2014,60,60,35,0.58333333333333337,100000,318,زغوان,zghouan
2023/2024,ZAGHOUAN,Elfahs,Elfahs,NA,NA,2016,60,60,"N,F",NA,NA,318,زغوان,zghouan
2023/2024,BEJA,"B,sud",Bouteffaha,NA,NA,NA,354,0,NA,NA,NA,NA,NA,NA
2023/2024,BEJA,"Medjez ,Elbeb","M,Elbeb",NA,NA,NA,100,NA,NA,NA,NA,NA,NA,NA
2023/2024,BEJA,Teboursouk,Teboursouk,NA,NA,2023,60,60,60,1,40000,NA,NA,NA
2023/2024,KEF,Semmana,Kef,NA,NA,NA,180,0,NA,NA,NA,NA,NA,NA
2023/2024,SILIANA,Mediouna,Mediouna,3334,3655,2006,87,87,111,1.2758620689655173,886010,770,سليانة,sliana
2023/2024,TOTAL  du NORD,NA,NA,NA,NA,NA,5232,4196,982.5,0.18778669724770641,5046344,NA,NA,NA
2023/2024,SOUSSE,Zaouiet Sousse,Sousse Sud,10000,17800,1987,257,257,257,1,523280,12,سوسة,sousse
2023/2024,SOUSSE,Msaken,M'SAKEN,10000,7850,2003,185,185,185,1,359131,12,سوسة,sousse
2023/2024,SOUSSE,Sousse Sud,Ksiba,NA,NA,2022,200,200,200,1,111280,12,سوسة,sousse
2023/2024,MONASTIR,Ouardanine,Ouardanine,1000,1000,1997,50,50,74,1.48,280000,20,المنستير,monastir
2023/2024,MONASTIR,"S,L,Bouhjar",Sayada Lamta Bouhjar,NA,NA,NA,50,0,NF,NA,NA,20,المنستير,monastir
2023/2024,MONASTIR,Bni Hassen,Bni Hassen,NA,NA,2022,27,27,10,0.37037037037037035,40000,20,المنستير,monastir
2023/2024,MAHDIA,Vitalait,Dkhila,NA,NA,2022,36,36,20,0.55555555555555558,48300,35,المهدية,almhdia
2023/2024,KAIROUAN,Dhraa Tammar,Kairouan,15000,20000,1983,380,380,270,0.71052631578947367,685440,13,القيروان,kairouan
2023/2024,KASSERINE,Oued essid,Kasserine,4300,15000,1998,131,131,131,1,400000,18,القصرين,kasserine
2023/2024,KASSERINE,Sbitla,Sbitla,NA,NA,2009,"N,F",NA,NA,NA,NA,18,القصرين,kasserine
2023/2024,SBZ,Jelma,Jelma,NA,NA,2022,12,12,0,NA,NA,NA,NA,NA
2023/2024,TOTAL  du CENTRE,NA,NA,NA,NA,NA,1328,1278,1147,0.8637048192771084,2447431,NA,NA,NA
2023/2024,SFAX,El hajeb,Sfax sud,40400,49500,1987,452,452,96,0.21238938053097345,1053405,10,صفاقس,sfax
2023/2024,SFAX,El hancha,El hancha,700,14000,2009,60,60,52,0.8666666666666667,42000,10,صفاقس,sfax
2023/2024,GAFSA,Aguila,Aguila,10000,NA,1994,117,117,137,1.170940170940171,1295568,16,قفصة,gafsa
2023/2024,GABES,El Hamma,El Hamma,5000,4060,2006,100,100,62,0.62,235872,14,قابس,gabès
2023/2024,GABES,Dissa,Gabes,15000,17270,2009,300,300,160,0.53333333333333333,1010800,14,قابس,gabès
2023/2024,MEDNINE,Ouljet El Khodr,Ouljet El Khodr,NA,NA,2004,30,NA,NA,"N,F",NA,26,مدنين,mdnin
2023/2024,MEDNINE,Talbet,Jerba,12000,15570,2005,60,60,60,1,59634,26,مدنين,mdnin
2023/2024,MEDNINE,Maghzel,NA,NA,NA,2005,68,68,68,1,40208,26,مدنين,mdnin
2023/2024,TATAOUINE,Tataouine,Elbhira,7950,8500,2017,60,60,13.5,0.22500000000000001,35957,5,تطاوين,tataouine
2023/2024,TOTAL  du SUD,NA,NA,NA,NA,NA,1247,1217,648.5,0.52004811547714513,3773444,NA,NA,NA
2023/2024,TOTAL,NA,NA,NA,NA,NA,7807,6691,2778,0.41518457629651773,11267219,NA,NA,NA
